0,2609,2264,490,2598,2675,1656,1379,1498,4392,2782,3360,3831,2545,3044,2921,1120,2621,2189,2721,1794,3741,2378,2533,2944,1699,479,2379,3372,3710,3205,2283,2370,2059,2976,3136,3128,2972,3149,1174,3641,2021,1769,1752,1561,1597,3426,3707,3214,1150,2530,2971,1610,3419,3795,2168,3288,1622,3191,4038,3708,1191,1052,3340,3844,3497,1987,2146,1975,3711,1865,3369,3046,1680,1807,3575,4403,3098,2472,1696,1722,2017,3932,2129,2009,2182,2398,1769,3271,3039,3575,1865,1678,3831,3487,3338,2669,2833,3434,2068
2565,0,1667,2776,3312,4178,2077,2882,2290,2609,4286,1617,5179,952,1348,3357,2220,3490,2324,3435,2664,2379,1005,4037,4448,1387,2482,2322,4876,4837,4075,3786,1798,3563,3846,1139,1554,3841,958,2677,1857,3525,894,2305,2289,3101,4489,2142,619,2870,1019,1274,1717,2342,3029,1204,2523,2491,4695,2763,4422,2762,2477,4210,4763,1432,3490,962,2844,2399,3369,2289,2281,3184,3311,4289,2838,2900,2698,2860,2591,3521,2149,3632,2429,3686,2533,3272,4064,1193,1879,1979,2547,1924,1790,4657,1102,3547,4938,2938
2321,1727,0,2532,2212,3934,1995,2638,1190,3510,3614,2395,4079,1662,2162,2257,1846,2404,1224,2335,1668,2776,1496,3793,4204,1305,2238,1414,4211,3737,2988,3542,1405,2977,2811,2142,2163,2755,2267,2433,2676,3281,812,1205,1189,2857,3389,2742,2332,2626,1647,2088,1635,2454,2830,1286,2323,1828,4449,3073,3322,2518,2134,3175,3663,2614,3246,1263,1966,2746,3125,2404,2081,2940,3067,3189,3438,2133,1598,2166,1776,3277,3050,3388,1329,3442,1433,3028,2964,2157,2693,879,1644,2866,2604,3571,1787,2447,4074,1903
497,2800,2455,0,2789,2404,1847,949,1689,4583,2511,3551,3561,2736,3235,3112,1276,2573,2380,2912,1985,3932,2569,2263,2673,1890,907,2570,3101,3439,2857,2012,2561,1629,3167,3327,3319,2775,3340,903,3832,1750,1960,1943,1752,1168,3155,3898,3405,732,2721,3162,1801,3610,3986,2359,3479,1813,2921,4229,3612,722,1208,3531,3573,3688,1716,2337,1831,3902,1594,3560,3237,1409,1536,3766,4594,3289,2663,1484,1913,1746,4123,1858,2200,1911,2589,1410,3462,3230,3766,2056,1869,4022,3678,3068,2860,3024,3163,2259
3069,3736,2629,3280,0,2298,3095,3386,2356,3800,1684,2420,1867,3728,3506,1201,2412,2386,1934,761,1896,2741,3562,2005,2237,3137,2986,1653,1998,1525,1856,2406,1979,2866,1327,3000,2531,2217,3729,3181,2684,3224,2878,2438,2419,3283,1176,2707,3448,3117,3666,3616,3048,2419,2795,3352,2288,2039,2236,3038,1110,3266,2753,1675,1451,3270,3190,3329,2194,2711,2801,2369,2046,3124,3172,977,3403,2098,1181,2408,2004,2663,3448,2953,2080,2753,1563,3641,881,4194,3476,2150,1872,2831,3150,1553,3749,1015,1861,1539
2659,4251,3906,2401,2256,0,3298,2106,3139,5410,687,4030,1649,4186,4686,2811,2765,1903,3544,2371,2606,4351,4020,438,666,3340,2758,3263,1411,1615,1539,770,3589,1905,2563,4610,4141,1676,4791,2019,4294,1499,3411,3394,3203,2360,1331,4317,5057,2191,4171,4612,3251,4029,4404,3810,3898,2817,1186,4648,1788,1978,2697,2257,1749,4880,1465,3787,2700,4321,1076,3979,3656,1534,1447,2424,5013,3708,2791,2698,2842,939,5058,1518,3131,1029,3173,1917,2141,4681,5086,3467,2711,4441,4760,1243,4311,2625,1065,3111
1703,2146,2064,1913,2605,3316,0,2020,1505,3930,3423,3151,4472,2024,2581,2928,1358,2628,2123,2728,1801,3675,1915,3175,3585,1121,1620,2313,4013,4130,3212,2924,2304,2700,2983,2673,3062,2979,2687,1815,3391,2662,1306,1686,1512,2239,3782,3641,2751,2008,2067,2508,800,3353,3729,1706,3222,1629,3832,3972,3715,1900,1614,3347,4056,3034,2628,1683,1981,3645,2506,3303,2980,2321,2448,3582,4221,3032,2479,1997,1728,2658,3469,2770,2015,2823,2332,2410,3277,2576,3113,1799,1685,3579,3024,3794,2206,2840,4075,2075
1355,2946,2602,940,2847,2034,1994,0,1835,4730,2141,3698,3191,2882,3381,3170,1461,1698,2527,2970,1662,4079,2715,1893,2303,2036,1454,2717,2731,2927,1982,1642,2707,754,3051,3474,3466,1900,3487,604,3979,1380,2106,2089,1898,313,2643,4045,3551,599,2867,3308,1947,3757,4132,2506,3625,1382,2551,4375,3091,628,1102,2765,3061,3834,1346,2483,1407,4049,1224,3706,3384,862,1063,3735,4740,3436,2721,1061,1655,1376,4270,1152,2248,1541,2735,903,3425,3377,3913,2202,1754,4168,3824,2363,3006,3082,2794,2317
1511,2327,1163,1722,1797,3124,1473,1828,0,3699,3030,2259,3665,2262,2762,2120,792,1820,1088,1920,993,2640,2096,2983,3393,1515,1428,1278,3796,3323,2404,2732,1269,2002,2175,2176,2027,2171,2867,1623,2540,2471,1412,477,173,1932,2974,2606,2664,1753,2247,2689,1426,2318,2694,1886,2187,821,3641,2937,2908,1708,1132,2540,3249,3169,2436,1863,1174,2610,2314,2268,1945,2130,2257,2775,3302,1997,1462,1172,921,2467,3347,2578,1208,2631,1297,2218,2470,2757,3293,764,877,2730,3049,2987,2387,2033,3659,1267
4374,2627,3476,4585,3368,5667,3885,4691,3755,0,5052,2663,5235,2810,1746,3378,4029,4617,3266,3491,3998,1747,2863,5374,5606,3196,4291,2986,5367,4893,5015,5595,3311,5307,4073,2509,2858,4939,1966,4486,2497,5333,2703,3771,3754,4910,4545,1895,2491,4679,3357,1856,3526,2003,2317,3013,2111,4141,5605,2071,4478,4571,4286,4686,4819,1507,5299,2974,4296,1767,5177,2122,2111,4992,5119,4345,893,2527,2754,4510,4105,5329,1272,5441,3919,5494,2791,5081,4120,2434,1426,3482,3974,1540,1121,4922,3448,3603,5230,3594
2775,4366,3575,2517,1637,689,3414,2152,2896,4791,0,3411,1402,4302,4496,2191,2881,1420,2924,1751,2123,3732,4135,396,1157,3456,2874,2644,1534,996,1055,797,2969,1512,1943,3991,3522,1193,4719,2135,3675,1615,3526,3262,2959,2054,712,3698,4438,2307,4287,4607,3367,3410,3785,3926,3279,2334,1677,4029,1168,2094,2550,1638,1130,4260,1581,3903,2217,3702,1192,3360,3037,1529,1563,1805,4393,3089,2172,2214,2358,1054,4439,1396,2648,1144,2554,2032,1522,4796,4467,2984,2227,3821,4141,624,4426,2006,995,2529
3389,1625,2464,3599,1965,4263,3088,3706,2257,2657,3649,0,3832,2286,2363,2066,2913,3214,1761,2088,2595,1563,2100,3971,4203,2398,3306,1335,3964,3490,3612,4371,1040,3904,2670,743,353,3536,2507,3501,747,4348,1905,2273,2256,3925,3142,1508,1762,3694,1631,2473,2728,1241,1613,2157,1106,2738,4202,1856,3075,3586,3202,3283,3416,2127,4314,1593,2893,1533,4192,829,865,4007,4134,2942,2260,1441,1351,3107,2702,4344,2305,4342,2421,4509,1388,4096,2717,2617,2333,1984,2571,1688,2007,3519,1714,2200,3827,2190
3791,4994,3887,3533,1904,1647,4353,3205,3614,5058,1369,3678,0,4986,4763,2459,3670,2459,3191,2018,3154,3999,4820,1690,1127,4395,3890,2911,832,959,2049,2090,3236,2551,2211,4258,3789,2231,4986,3151,3942,2606,4136,3696,3677,3093,1027,3965,4705,3323,4923,4874,4306,3677,4052,4610,3546,3297,1056,4296,1436,3110,3589,1976,1055,4528,2572,4587,3256,3969,2143,3627,3304,2732,2640,2072,4660,3356,2439,3253,3261,2006,4706,2638,3337,2098,2821,3049,1789,5452,4734,3407,3130,4089,4408,1331,5006,2273,1073,2796
2569,956,1671,2780,3315,4182,2080,2886,2293,2824,4289,2291,5183,0,1475,3361,2224,3494,2328,3438,2667,2925,450,4041,4451,1391,2486,2518,4879,4841,4078,3790,2473,3566,3849,1814,2229,3845,1437,2681,2532,3528,898,2309,2292,3105,4492,2689,1565,2874,1552,1420,1721,2889,3576,991,3070,2495,4699,3310,4426,2766,2481,4214,4767,1910,3494,1168,2848,2946,3372,2839,2828,3187,3314,4293,3115,3237,2701,2864,2595,3524,2363,3636,2433,3689,2536,3276,4067,971,2007,1983,2551,2402,1918,4661,1692,3551,4942,2941
3010,1263,2112,3221,3075,4623,2521,3327,2735,1691,4731,2369,4942,1446,0,3084,2665,3935,2769,3197,3108,1917,1500,4482,4892,1832,2927,2692,5073,4600,4519,4231,2780,4007,3780,2121,2536,4286,981,3122,2203,3970,1339,2750,2734,3546,4251,1680,1813,3315,1994,492,2162,1878,2565,1649,2059,2936,5140,2301,4185,3207,2922,4392,4526,1064,3935,1610,3289,1937,3813,1828,1817,3629,3756,4052,1983,2449,2460,3305,3036,3966,1231,4077,2874,4130,2498,3717,3826,1071,874,2424,2992,1340,785,4628,2084,3310,4937,3300
2827,3418,2311,3038,576,2875,2853,3144,2105,3289,2261,2027,2444,3410,2995,0,2171,2273,1616,699,1654,2231,3244,2582,2814,2895,2744,1335,2575,2102,2433,2983,1661,2964,1595,2607,2213,2596,3218,2939,2216,3787,2560,2120,2104,3041,1753,2196,2937,2875,3348,3106,2806,1908,2284,3034,1777,1798,2813,2527,1687,3024,2511,2252,2028,2759,3752,3011,1952,2201,3378,1858,1536,3420,3573,1554,2892,1550,940,2167,1762,3240,2938,3401,1838,3330,1041,3534,1328,3684,2966,1832,1631,2320,2640,2130,3431,818,2438,1297
1127,2272,1769,1288,1950,2731,1319,1436,800,4055,2839,2865,3817,2207,2707,2273,0,1936,1694,2072,1109,3246,2041,2590,3001,1361,1108,1884,3429,3475,2520,2339,1875,1592,2328,2781,2633,2287,2812,1230,3146,2078,1432,1167,863,1358,3126,3212,2877,1176,2193,2634,1272,2924,3299,1831,2793,944,3248,3543,3060,1315,489,2692,3401,3159,2044,1809,1072,3216,1922,2874,2551,1737,1864,2927,3908,2603,1824,986,1037,2074,3595,2186,1360,2239,1902,1825,2622,2702,3238,1369,993,3336,3150,3103,2332,2185,3491,1420
2394,3373,2361,2578,2003,1895,2420,1707,1681,4496,1412,3116,2484,3308,3808,2326,1737,0,1918,2125,908,3437,3142,1602,2363,2462,2311,2335,2616,2078,777,1660,2326,1053,1558,3361,3084,543,3913,2242,3380,2305,2533,2048,1744,1596,1794,3403,3849,1936,3293,3734,2373,3115,3490,2932,2984,1365,2854,3734,1927,2266,2006,1510,2212,3965,2278,2909,1063,3407,2231,3065,2742,1499,2015,2543,4098,2794,1877,1442,1144,2141,4144,1479,1433,2231,2259,2085,1933,3803,4172,1769,1013,3526,3846,1368,3433,2238,2110,1413
2195,2367,1270,2406,1572,3645,2071,2512,1064,3195,3162,1772,3439,2369,2869,1617,1720,1952,0,1694,1258,2136,2203,3352,3809,2013,2112,461,3570,3097,2423,3392,792,2568,2224,2060,1543,2303,2974,2307,2036,3155,1519,1079,1063,2657,2749,2102,2626,2500,2296,2796,2024,1814,2190,1993,1683,1418,3809,2433,2682,2392,2008,2589,3023,2665,3120,1970,1556,2106,2999,1764,1441,2814,2941,2549,2798,1493,958,1787,1366,3151,2843,3080,1007,3315,793,2902,2324,2864,2871,791,1235,2226,2545,2952,2379,1807,3434,1073
2604,3271,2164,2814,149,2448,2630,2921,1891,3335,1834,1955,2017,3263,3040,736,1947,2050,1468,0,1431,2276,3097,2155,2387,2672,2521,1188,2148,1675,2006,2555,1513,2740,1157,2535,2066,2221,3263,2716,2219,3374,2413,1973,1954,2818,1326,2242,2982,2651,3200,3151,2583,1954,2329,2887,1823,1574,2386,2573,1260,2801,2287,1824,1601,2805,3339,2864,1729,2246,2951,1904,1581,3197,3322,1127,2937,1633,716,1943,1538,2813,2983,3103,1614,2903,1098,3311,890,3729,3011,1684,1407,2366,2685,1703,3283,319,2011,1073
1645,2623,1612,1856,1283,2620,1671,1669,932,3776,2137,2396,3150,2559,3058,1606,988,926,1168,1406,0,2717,2392,2327,3088,1713,1562,1586,3282,2803,1511,2367,1576,1457,1661,2612,2335,1277,3164,1757,2660,2604,1783,1299,995,1502,2460,2683,3100,1376,2544,2985,1624,2395,2771,2183,2264,548,3520,3014,2393,1842,1329,2026,2735,3246,2570,2160,401,2687,2448,2345,2022,2074,2390,2260,3379,2074,1157,668,318,2600,3424,2054,684,2765,1539,2313,1956,3054,3453,1020,187,2807,3126,2093,2683,1518,2835,753
3802,2450,2877,4012,2283,4582,3677,4119,2670,1749,3967,1538,4150,2944,1945,2293,3326,3532,2181,2406,2913,0,3032,4289,4521,3396,3719,1901,4282,3808,3930,4689,2226,4222,2988,1666,1733,3854,2168,3914,1352,4761,2902,2686,2669,4300,3460,587,1886,4107,2688,2056,3630,443,917,3213,712,3056,4520,877,3393,3999,3615,3601,3734,1709,4727,2650,3211,208,4605,976,1026,4420,4547,3260,948,1128,1669,3425,3020,4757,1888,4660,2834,4922,1706,4509,3035,2634,1916,2397,2889,1270,1590,3837,2771,2518,4145,2509
2395,1036,1497,2605,3141,4007,1906,2712,2119,2896,4115,2109,5008,451,1547,3186,2050,3319,2153,3264,2493,2991,0,3866,4277,1216,2311,2343,4705,4666,3904,3615,2225,3392,3675,1631,2047,3670,1542,2506,2349,3354,723,2135,2118,2930,4318,2754,1866,2699,1283,1474,1546,2955,3565,817,3058,2320,4524,3375,4251,2591,2306,4039,4592,2000,3320,921,2673,3011,3198,2781,2817,3013,3140,4118,3187,3062,2527,2689,2420,3350,2435,3462,2258,3515,2362,3101,3893,1101,2079,1808,2377,2507,1990,4486,1368,3376,4767,2767
2517,4109,3764,2259,1962,431,3156,1964,2997,5115,393,3736,1727,4044,4544,2516,2623,1609,3249,2076,2312,4057,3878,0,900,3198,2616,2968,1644,1321,1244,628,3294,1686,2268,4315,3847,1381,4649,1877,3999,1357,3269,3252,3061,2218,1037,4022,4763,2049,4029,4470,3109,3734,4110,3668,3603,2523,1420,4353,1493,1836,2555,1963,1454,4585,1323,3645,2406,4027,934,3684,3362,1392,1305,2130,4718,3414,2497,2403,2547,797,4764,1376,2837,887,2878,1775,1847,4539,4792,3173,2416,4146,4466,949,4169,2331,1065,2816
2954,4545,4201,2696,2235,660,3593,2401,3434,5389,1143,4009,1120,4481,4980,2790,3060,2359,3522,2349,3062,4330,4314,894,0,3635,3053,3242,744,1549,1994,1225,3567,2360,2542,4589,4120,2132,5086,2314,4273,1661,3705,3688,3497,2654,1358,4296,5036,2486,4466,4907,3546,4008,4383,4104,3877,3273,520,4627,1767,2272,2992,2307,1645,4859,1626,4082,3156,4300,1099,3958,3635,1895,1803,2403,4991,3687,2770,3065,3297,962,5037,1974,3587,1054,3152,2211,2120,4975,5065,3738,3166,4420,4739,1662,4605,2604,821,3127
1784,1410,1328,1995,2686,3397,1169,2101,1586,3193,3504,2415,4553,1346,1845,3009,1439,2709,1985,2809,1882,3392,1179,3256,3666,0,1701,2175,4094,4211,3293,3005,2165,2781,3064,1937,2353,3060,1951,1896,2655,2743,570,1767,1593,2320,3863,3155,2015,2089,1331,1772,330,3215,3590,969,3083,1710,3914,3776,3796,1981,1696,3429,4138,2298,2709,947,2063,3412,2587,3087,2842,2402,2529,3663,3485,2894,2358,2079,1810,2739,2733,2851,2089,2904,2193,2491,3359,1840,2376,1640,1766,2842,2288,3876,1470,2921,4157,2156
476,2534,2189,909,2523,2753,1581,1457,1423,4317,2861,3285,3910,2470,2969,2846,1126,2546,2114,2646,1719,3666,2303,2612,3022,1624,0,2304,3450,3788,3130,2361,2295,2137,2901,3061,3053,2897,3074,1252,3566,2099,1694,1677,1486,1676,3504,3632,3139,1390,2455,2896,1535,3344,3720,2093,3213,1547,3270,3963,3633,1337,1130,3265,3922,3422,2065,2071,1900,3636,1943,3294,2971,1758,1885,3500,4328,3023,2397,1775,1647,2095,3857,2207,1934,2260,2323,1847,3196,2964,3500,1790,1603,3756,3412,3417,2594,2758,3513,1993
2393,2323,1468,2603,1344,3643,2268,2710,1261,2968,3029,1350,3212,2567,2673,1390,1917,2411,459,1467,1676,1909,2400,3350,3582,2210,2310,0,3343,2870,2883,3614,566,2986,2049,1647,1118,2762,2896,2505,1705,3352,1717,1277,1260,2929,2521,1875,2583,2698,2253,2784,2221,1587,1962,2190,1456,1836,3581,2206,2455,2590,2206,2662,2796,2437,3318,2168,1974,1879,3196,1537,1214,3011,3138,2322,2570,1266,730,2205,1784,3348,2616,3539,1425,3513,478,3100,2096,3061,2644,988,1653,1998,2318,2898,2336,1580,3206,1339
3409,5001,3969,3152,1986,1403,4048,2856,3696,5140,1451,3760,852,4936,4845,2541,3516,2541,3273,2100,3236,4081,4770,1637,742,4090,3509,2993,0,1382,2131,1968,3318,2633,2293,4340,3871,2313,5068,2770,4024,2224,4161,3778,3759,3110,1109,4047,4787,2941,4922,4956,4001,3759,4134,4560,3628,3379,528,4378,1518,2728,3447,2058,1478,4610,2190,4538,3338,4051,1758,3709,3386,2351,2258,2154,4742,3438,2521,3335,3343,1621,4788,2716,3419,1713,2903,2667,1871,5431,4816,3489,3212,4171,4490,1413,5061,2355,1155,2878
3693,4664,3557,3435,1574,1607,4023,2829,3284,4728,993,3348,965,4656,4433,2129,3340,2083,2861,1688,2786,3669,4490,1314,1561,4065,3792,2581,1390,0,1673,1714,2906,2175,1881,3928,3459,1855,4656,3053,3612,2533,3806,3366,3347,2717,573,3635,4375,3058,4593,4544,3976,3347,3722,4280,3216,2967,1594,3966,803,3011,3213,1646,390,4198,2498,4257,2880,3639,2109,3297,2974,2433,2481,1742,4330,3026,2109,2877,2931,1972,4376,2262,3007,2062,2491,2950,1459,5122,4404,3077,2800,3759,4078,955,4676,1943,1116,2466
2979,3957,2945,2851,1890,1515,3005,1980,2266,4909,1032,3529,2087,3893,4392,2444,2322,775,2495,2004,1493,3850,3726,1222,1983,3047,2896,2762,2218,1680,0,1403,2910,1326,1749,3945,3640,431,4498,2515,3793,2262,3117,2632,2329,1869,1396,3816,4434,2209,3878,4319,2958,3528,3903,3516,3397,1881,2456,4147,1414,2539,2364,1087,1814,4378,2228,3494,1647,3820,2017,3478,3155,1584,2100,2058,4511,3207,2290,1911,1728,1880,4557,1512,2018,1970,2672,2223,1775,4387,4585,2354,1597,3939,4259,814,4017,2259,1730,1873
2259,3851,3506,2002,2349,756,2898,1678,2739,5503,780,4123,2115,3786,4286,2904,2365,1661,3354,2464,2345,4444,3620,615,1224,2940,2359,3356,1969,1708,1413,0,3612,1359,2656,4378,4234,1535,4391,1620,4387,1099,3011,2994,2803,1900,1424,4410,4456,1791,3771,4212,2851,4122,4498,3410,3991,2531,1745,4741,1881,1578,2297,2174,1842,4738,1065,3388,2424,4414,875,4072,3749,978,1047,2517,5106,3801,2884,2210,2580,807,5151,902,2870,897,3266,1517,2235,4281,4817,3106,2449,4534,4728,1303,3911,2718,1623,2849
2393,1802,1468,2604,1622,3920,2269,2710,1262,3245,3306,1042,3489,2464,2860,1667,1918,2413,765,1744,1677,2186,2201,3627,3859,2211,2310,575,3620,3147,2997,3614,0,2987,2327,1338,810,2764,2685,2505,1478,3353,1717,1277,1261,2929,2798,2152,2062,2698,1731,2787,2222,1864,2239,2191,1733,1837,3858,2483,2732,2590,2206,2939,3073,2715,3318,1693,1975,2156,3197,1714,1491,3012,3139,2599,2848,1543,1007,2206,1785,3349,2893,3541,1426,3513,816,3100,2373,2795,2921,989,1654,2276,2595,3175,1814,1857,3483,1677
2041,3618,2945,1626,2616,1905,2665,755,2039,5109,1610,3730,2682,3554,4053,2939,1622,1047,2501,2739,1473,4051,3387,1642,2373,2708,2141,2919,2814,2276,1331,1355,2909,0,2400,3945,3668,1249,4158,1291,3993,1625,2778,2388,2102,644,1992,4016,4433,985,3539,3980,2619,3728,4104,3177,3597,1233,2877,4347,2440,1314,1247,2113,2410,4506,1598,3155,1218,4021,1551,3678,3355,819,1335,3084,4712,3407,2491,912,1466,1703,4757,934,2017,1867,2872,1321,2774,4048,4584,2353,1565,4140,4459,1711,3678,2851,2308,2086
2941,3920,2820,3152,1046,2631,2967,3078,2228,3991,2017,2611,2200,3855,3696,1605,2285,1573,2124,1160,1639,2932,3689,2338,2570,3009,2858,1844,2331,1858,1588,2739,2169,2424,0,3191,2722,1573,3919,3053,2875,3557,3069,2595,2291,2967,1509,2898,3638,2912,3841,3807,2920,2610,2985,3479,2479,1912,2570,3229,1443,3138,2625,1241,1777,3461,3523,3457,1937,2902,3134,2560,2237,2870,3386,1624,3593,2289,1372,2203,1818,2996,3639,2838,1952,3086,1754,3456,811,4350,3667,2288,1687,3022,3341,1757,3939,1415,2195,1301
3095,1143,2128,3305,2549,4708,2606,3412,2174,2491,4233,741,4416,1805,2197,2640,2750,3388,2051,2672,2652,1665,1618,4555,4787,1917,3012,1641,4548,4074,3973,4316,1347,3962,3254,0,678,3739,1908,3207,826,4054,1423,2190,2173,3631,3726,1428,1046,3400,1149,2127,2247,1527,2197,1676,1690,2812,4786,2049,3659,3292,3006,3867,4000,1783,4020,1111,2950,1685,3898,1206,1448,3713,3840,3526,2124,2025,1935,3150,2760,4050,2139,4162,2313,4215,1789,3802,3301,2136,2168,1864,2629,1522,1841,4102,1232,2784,4411,2650
3164,1556,2239,3375,2063,4362,3020,3481,2033,2846,3747,354,3930,2218,2552,2108,2689,3184,1536,2186,2448,1766,2032,4069,4301,2330,3081,1110,4062,3588,3710,4385,815,3757,2768,675,0,3535,2439,3276,815,4123,1837,2048,2032,3700,3240,1711,1694,3469,1563,2541,2660,1443,1815,2089,1309,2608,4300,2059,3173,3361,2977,3381,3514,2316,4089,1525,2746,1736,3967,1032,1067,3783,3910,3040,2431,1643,1449,2977,2556,4119,2494,4312,2196,4284,1258,3871,2815,2549,2522,1760,2424,1877,2196,3617,1646,2298,3925,2119
2747,3726,2714,2779,2213,1664,2773,1908,2034,4834,1181,3455,2253,3661,4161,2664,2090,543,2271,2327,1261,3776,3495,1371,2132,2815,2664,2687,2384,1847,430,1532,2679,1254,1705,3714,3437,0,4266,2443,3718,2294,2886,2401,2097,1796,1563,3741,4202,2137,3646,4087,2726,3453,3829,3285,3322,1649,2623,4072,1737,2467,2243,1410,1980,4304,2260,3262,1416,3746,2150,3403,3080,1616,2132,2381,4437,3132,2216,1680,1497,2013,4482,1543,1786,2103,2597,2255,2080,4156,4511,2122,1366,3865,4184,1137,3786,2576,1879,1766
3105,951,2207,3316,3319,4718,2616,3422,2829,1929,4825,2497,5186,1444,983,3329,2760,4030,2864,3442,3203,2161,1533,4577,4987,1927,3022,2937,5318,4844,4614,4326,2678,4102,4024,1931,2435,4381,0,3217,2448,4064,1434,2845,2828,3641,4496,1924,1302,3410,1900,823,2257,2123,2810,1744,2303,3031,5235,2545,4429,3302,3017,4637,4770,752,4030,1704,3384,2181,3908,2073,2062,3723,3850,4296,2221,2693,2705,3400,3131,4060,1469,4172,2969,4225,2742,3812,4071,1075,1343,2519,3087,1584,1171,4873,1983,3554,5181,3477
1495,3086,2742,1237,3075,1501,2134,784,1975,4870,1608,3838,2657,3022,3521,3398,1601,1987,2667,3198,2198,4219,2855,1359,1770,2176,1594,2856,2198,2536,2130,1109,2847,1223,3340,3613,3606,2154,3627,0,4119,847,2246,2229,2038,1037,2252,4184,3691,1027,3007,3448,2087,3896,4272,2646,3765,1927,2017,4515,2709,814,1533,2912,2670,3974,813,2623,1942,4189,691,3846,3524,506,633,3345,4880,3576,2950,1606,2190,843,4409,955,2486,1008,2875,595,3062,3516,4053,2342,2155,4308,3964,2164,3146,3311,2260,2545
3729,1858,2775,3939,2239,4537,3321,4046,2597,2530,3923,763,4106,2519,2236,2276,3253,3488,2108,2362,2869,1350,2333,4245,4477,2632,3646,1713,4238,3764,3886,4645,1476,4178,2944,835,807,3810,2459,3841,0,4688,2138,2613,2596,4265,3416,1295,1713,4034,1864,2347,2962,1028,1757,2391,1250,3012,4476,2000,3349,3926,3542,3557,3690,2000,4654,1826,3167,1320,4532,707,1008,4347,4474,3216,2104,1640,1625,3381,2976,4684,2179,4616,2761,4849,1662,4436,2991,2810,2207,2324,2845,1561,1881,3793,1947,2474,4101,2464
1923,3514,3169,1665,3179,1502,2561,1370,2403,5297,1610,4265,2580,3450,3949,3734,2029,2311,3094,3293,2635,4646,3283,1361,1653,2604,2022,3284,2121,2538,2269,1110,3275,1641,3486,4041,4033,2294,4054,1283,4546,0,2674,2657,2466,1623,2254,4612,4119,1454,3435,3876,2515,4324,4700,3073,4193,2355,1940,4943,2711,1241,1960,3052,2672,4402,68,3051,2380,4616,574,4274,3951,818,532,3347,5308,4003,3377,2034,2627,727,4837,1346,2914,891,3303,996,3064,3944,4480,2770,2583,4736,4392,2166,3574,3548,2144,2973
1671,1364,1282,1882,2573,3284,1182,1988,1473,3148,3391,2369,4440,1300,1799,2896,1326,2596,1939,2696,1769,3346,1134,3143,3553,493,1588,2129,3981,4098,3180,2892,2120,2668,2951,1892,2307,2947,1905,1783,2610,2630,0,1654,1480,2207,3750,3109,1969,1976,1285,1726,823,3169,3544,924,3038,1597,3801,3730,3683,1868,1583,3316,4025,2252,2596,901,1950,3366,2474,3042,2796,2289,2416,3550,3440,2848,2312,1966,1697,2626,2688,2738,1984,2791,2147,2378,3246,1795,2331,1594,1653,2797,2242,3763,1424,2808,4044,2043
1797,2357,1194,2008,2107,3410,1673,2114,493,3730,3408,2290,3974,2293,2793,2152,1170,2198,1119,2229,1371,2671,2127,3269,3680,1715,1714,1309,4105,3632,2782,3018,1300,2380,2553,2206,2058,2549,2898,1909,2571,2757,1443,0,492,2333,3283,2637,2695,2102,2278,2719,1626,2349,2724,1917,2218,1198,3927,2968,3217,1994,1510,2917,3558,3200,2722,1894,1538,2641,2601,2299,1976,2416,2543,3084,3333,2028,1492,1550,1298,2753,3378,2864,1274,2918,1327,2504,2847,2788,3324,686,1255,2761,3080,3364,2417,2342,3968,1645
1521,2328,1165,1732,1868,3134,1397,1838,186,3701,3101,2261,3735,2264,2764,2123,862,1890,1090,1990,1064,2642,2098,2993,3403,1439,1438,1280,3831,3393,2475,2742,1271,2072,2246,2177,2029,2241,2869,1633,2542,2480,1414,479,0,2002,3044,2608,2666,1826,2249,2690,1350,2320,2695,1888,2189,891,3651,2939,2978,1718,1203,2610,3319,3171,2446,1865,1244,2612,2324,2270,1947,2139,2266,2845,3304,1999,1463,1243,991,2476,3349,2588,1245,2641,1298,2228,2540,2759,3295,765,947,2732,3051,3057,2388,2103,3729,1338
1583,3174,2829,1167,2682,2280,2221,314,1954,4957,2148,3795,3221,3110,3609,3005,1362,1585,2567,2805,1498,4116,2943,2139,2549,2264,1682,2944,2977,2814,1869,1888,2935,641,2938,3701,3693,1787,3714,832,4059,1626,2334,2317,2018,0,2530,4082,3779,504,3095,3536,2175,3794,4169,2733,3663,1257,2797,4413,2978,855,987,2652,2948,4062,1592,2711,1242,4086,1470,3744,3421,1078,1309,3622,4778,3473,2556,936,1490,1622,4497,1367,2083,1787,2938,1149,3312,3604,4140,2419,1589,4206,4052,2250,3234,2917,2846,2152
3703,4628,3521,3445,1538,1399,3987,2839,3248,4692,1003,3313,690,4621,4398,2093,3305,2093,2826,1653,2788,3634,4454,1325,1060,4029,3802,2545,821,964,1683,1725,2871,2186,1845,3892,3423,1866,4621,3063,3576,2491,3770,3330,3311,2728,0,3599,4340,3069,4558,4508,3940,3311,3687,4244,3180,2932,1060,3930,1070,3022,3223,1610,1094,4162,2456,4222,2890,3604,1929,3261,2938,2443,2491,1707,4295,2990,2074,2888,2896,1792,4340,2272,2972,1884,2455,2961,1424,5087,4369,3042,2765,3723,4042,966,4641,1908,685,2431
3831,2285,2906,4041,2312,4610,3706,4148,2699,1960,3996,1567,4179,2779,1781,2321,3355,3560,2210,2434,2941,592,2868,4318,4549,3231,3747,1929,4310,3837,3959,4718,2255,4251,3017,1501,1762,3883,2004,3942,1373,4790,2738,2715,2698,4329,3489,0,1722,4135,2523,1891,3561,449,1331,3048,1021,3085,4549,1084,3422,4027,3643,3630,3763,1545,4756,2485,3239,535,4634,1005,1054,4449,4576,3289,1159,1459,1698,3454,3049,4786,1723,4688,2863,4951,1735,4537,3064,2469,1751,2426,2918,1106,1425,3865,2606,2547,4174,2537
3185,619,2287,3396,3003,4798,2696,3502,2747,2463,4687,1785,4870,1571,1810,3012,2840,3961,2664,3125,3225,1843,1625,4657,5240,2007,3102,2620,5001,4528,4545,4406,2118,4182,3708,1074,1722,4312,1300,3297,1697,4144,1514,2763,2746,3721,4180,1606,0,3490,1533,1649,2337,1807,2494,1824,1987,3111,5240,2227,4113,3382,3097,4321,4454,1175,4110,1494,3523,1863,3988,1756,1745,3803,3930,3980,2302,2377,2389,3480,3333,4140,2003,4252,2886,4305,2426,3892,3755,1534,1967,2436,3202,1490,1705,4556,1616,3238,4865,3228
1140,2951,2606,755,2539,2138,1998,601,1814,4734,2245,3652,3294,2887,3386,2862,1169,1919,2424,2661,1354,3973,2720,1997,2407,2041,1400,2721,2835,3147,2203,1746,2712,974,2917,3478,3470,2120,3491,637,3916,1484,2111,2094,1877,496,2863,3939,3556,0,2872,3313,1952,3651,4026,2510,3519,1073,2654,4269,3312,660,794,2985,3281,3839,1450,2488,1099,3943,1328,3600,3278,1143,1270,3516,4634,3330,2413,752,1347,1480,4274,1592,1939,1645,2740,1202,3211,3381,3917,2207,1446,4062,3829,2583,3011,2774,2897,2009
2499,1077,1601,2709,3245,4112,2010,2816,2223,3391,4219,1645,5113,1543,2043,3291,2154,3424,2258,3368,2597,2621,1284,3971,4381,1321,2416,2284,4809,4770,4008,3720,1760,3496,3779,1167,1582,3775,1959,2611,1885,3458,827,2239,2222,3035,4422,2385,1496,2804,0,1970,1651,2585,3100,1080,2594,2425,4629,3005,4355,2696,2410,4143,4697,2233,3424,515,2778,2642,3302,2317,2352,3117,3244,4222,3080,2928,2631,2794,2525,3454,2931,3566,2362,3619,2466,3206,3997,2034,2574,1913,2481,2470,2486,4590,139,3480,4871,2871
2967,1219,2069,3177,3174,4579,2478,3284,2691,1790,4687,2468,5041,1402,442,3183,2622,3891,2725,3296,3065,2016,1456,4438,4849,1788,2883,2791,5172,4699,4476,4187,2736,3964,3879,2077,2492,4242,829,3078,2303,3926,1295,2707,2690,3502,4351,1779,1660,3271,1950,0,2118,1978,2665,1606,2158,2892,5096,2400,4284,3163,2878,4492,4625,1174,3892,1566,3245,2036,3770,1927,1916,3585,3712,4151,2082,2548,2560,3261,2992,3922,1330,4034,2830,4087,2597,3673,3926,879,973,2380,2949,1439,884,4727,2040,3409,5036,3339
1625,1717,1634,1835,2527,3238,894,1942,1427,3500,3345,2722,4394,1652,2152,2850,1280,2550,2045,2650,1723,3597,1486,3097,3507,326,1542,2235,3935,4052,3134,2846,2226,2622,2905,2244,2659,2901,2257,1737,2962,2584,877,1608,1434,2161,3704,3462,2322,1930,1637,2078,0,3275,3651,1276,3144,1551,3754,3894,3637,1822,1536,3269,3978,2604,2550,1253,1903,3567,2428,3225,2902,2243,2370,3504,3792,2954,2401,1919,1650,2580,3040,2692,1937,2745,2254,2332,3199,2147,2683,1721,1607,3149,2594,3716,1777,2762,3997,1997
3498,2455,2573,3709,1979,4278,3374,3815,2367,1972,3664,1234,3847,2949,1950,1989,3023,3228,1878,2102,2609,418,3037,3985,4217,3315,3415,1597,3978,3505,3626,4386,1923,3919,2684,1556,1430,3551,2173,3610,1048,4458,2822,2382,2366,3996,3156,425,1892,3803,2693,2060,3327,0,993,3217,658,2753,4216,1101,3090,3695,3311,3297,3431,1714,4423,2655,2907,388,4301,673,722,4117,4244,2957,1171,1096,1365,3122,2717,4454,1892,4356,2530,4618,1403,4205,2731,2638,1920,2094,2586,1275,1594,3533,2776,2215,3841,2205
3877,3087,2952,4087,2358,4656,3752,4194,2745,2338,4042,1626,4225,3599,2600,2368,3401,3607,2256,2481,2987,929,3562,4364,4596,3694,3794,1975,4357,3883,4005,4764,2301,4297,3063,2205,1821,3929,2823,3989,1792,4836,3201,2761,2744,4375,3535,1251,2541,4181,3093,2710,3705,1004,0,3619,588,3131,4595,536,3468,4074,3689,3676,3809,2364,4802,3055,3285,899,4680,1463,1042,4495,4622,3335,1537,1007,1744,3500,3095,4832,2542,4734,2909,4997,1781,4584,3110,3288,2570,2472,2964,1925,2244,3911,3176,2593,4220,2583
2155,1243,1257,2366,2902,3768,1666,2472,1880,3027,3876,2157,4769,993,1678,2947,1810,3080,1914,3024,2253,3134,826,3627,4037,977,2072,2104,4466,4427,3664,3376,2095,3152,3435,1679,2095,3431,1784,2267,2397,3115,484,1895,1879,2691,4078,2897,2009,2460,1073,1605,1307,3098,3519,0,3013,2081,4285,3518,4012,2352,2067,3800,4353,2131,3080,689,2434,3154,2958,2829,2771,2774,2901,3879,3319,2823,2287,2450,2181,3111,2567,3222,2019,3275,2122,2862,3653,1643,2210,1569,2137,2676,2121,4247,1212,3137,4528,2528
3493,2703,2568,3703,1974,4272,3368,3810,2361,2092,3658,1242,3841,3214,2215,1983,3017,3222,1872,2096,2603,690,3178,3980,4211,3310,3409,1591,3972,3499,3621,4380,1917,3913,2679,1821,1437,3545,2438,3604,1408,4452,2817,2377,2360,3991,3151,1016,2157,3797,2709,2326,3321,764,650,3235,0,2747,4211,893,3084,3689,3305,3292,3425,1980,4418,2671,2901,660,4296,1079,657,4111,4238,2951,1290,620,1360,3116,2711,4448,2158,4350,2525,4613,1397,4199,2726,2904,2186,2088,2580,1541,1860,3527,2792,2209,3836,2199
1559,2538,1815,1770,1541,2873,1585,1400,846,4033,2440,2654,3408,2473,2973,1864,903,1386,1435,1663,559,2975,2307,2630,3341,1627,1476,1853,3539,3066,1880,2520,1843,1219,1919,2828,2602,1647,3078,1566,2918,2413,1698,1213,909,1265,2717,2941,3316,1098,2458,2899,1538,2653,3028,2097,2521,0,3584,3271,2651,1589,1108,2283,2992,3425,2379,2075,374,2945,2257,2602,2280,1914,2199,2518,3636,2332,1415,390,487,2409,3682,2099,951,2574,1796,2076,2213,2968,3504,1287,443,3064,3384,2471,2598,1776,3138,1011
2937,4528,4183,2679,2220,1177,3576,2384,3417,5374,1660,3994,1058,4464,4963,2775,3043,2775,3508,2335,3470,4315,4297,1411,516,3618,3036,3227,532,1588,2365,1742,3553,2701,2527,4574,4105,2548,5068,2297,4258,1752,3688,3671,3480,2637,1343,4281,5021,2469,4449,4890,3529,3993,4368,4087,3862,3369,0,4612,1752,2255,2975,2292,1684,4844,1717,4065,3394,4285,1309,3943,3620,1878,1785,2388,4977,3672,2755,3048,3577,1333,5022,2327,3653,1317,3137,2194,2105,4958,5050,3724,3446,4405,4724,1647,4588,2589,1215,3113
4121,2823,3196,4332,2602,4901,3996,4438,2989,2074,4286,1870,4469,3316,2318,2612,3645,3851,2500,2725,3232,843,3405,4608,4840,3768,4038,2220,4601,4127,4249,5008,2545,4541,3307,2038,2066,4173,2541,4233,1992,5080,3275,3005,2988,4619,3779,988,2259,4426,3061,2429,3950,1099,539,3585,832,3375,4839,0,3712,4318,3934,3920,4054,2082,5046,3022,3530,863,4924,1617,1286,4739,4866,3579,1273,1251,1988,3744,3339,5076,2260,4979,3153,5241,2025,4828,3354,3007,2289,2716,3208,1643,1963,4156,3144,2837,4464,2828
3567,4234,3127,3665,1144,1837,3593,3059,2854,4298,1223,2918,1406,4226,4003,1699,2910,1928,2431,1258,2394,3239,4060,1544,1776,3635,3484,2151,1537,809,1385,1944,2476,2405,1451,3498,3029,1746,4226,3283,3182,2763,3376,2936,2917,2947,715,3205,3945,3288,4163,4114,3546,2917,3292,3850,2786,2537,1775,3536,0,3241,3250,1203,666,3768,2728,3827,2692,3209,2340,2867,2544,2663,2711,1312,3900,2596,1679,2906,2501,2202,3946,2492,2577,2292,2061,3180,1029,4692,3974,2647,2370,3329,3648,1082,4246,1513,1400,2036
1194,2792,2448,713,2781,2000,1840,633,1681,4575,2108,3544,3157,2728,3227,3104,1307,2258,2372,2904,1852,3925,2561,1859,2269,1882,1300,2562,2698,3036,2541,1608,2553,1313,3159,3319,3311,2459,3333,499,3824,1347,1952,1935,1744,852,2752,3890,3397,671,2713,3154,1793,3602,3978,2351,3471,1571,2517,4221,3208,0,1239,3324,3170,3680,1312,2329,1597,3895,1190,3552,3230,1006,1133,3758,4586,3281,2656,1250,1844,1343,4115,1454,2192,1507,2581,851,3454,3222,3758,2048,1861,4014,3670,2664,2852,3016,2760,2251
1043,2496,2091,1204,2262,2647,1543,1104,1162,4279,2631,3187,3703,2431,2931,2585,500,1979,2016,2385,1355,3568,2265,2506,2917,1585,1142,2206,3345,3297,2352,2255,2197,1214,2640,3023,2955,2217,3036,1146,3468,1994,1656,1529,1225,980,3013,3534,3101,797,2416,2857,1496,3246,3621,2055,3115,1075,3164,3865,3373,1231,0,3005,3431,3383,1960,2032,1100,3538,1838,3196,2873,1653,1780,3240,4230,2925,2137,754,1348,1990,3819,2094,1673,2155,2224,1741,2935,2926,3462,1691,1338,3658,3373,2732,2556,2498,3329,1732
3097,4075,3035,3308,1475,2061,3123,2482,2384,4413,1447,3034,1769,4011,4119,2030,2440,1081,2400,1590,1707,3355,3845,1768,2139,3165,3014,2266,1900,1427,863,1983,2592,1828,1040,3613,3145,957,4342,3017,3297,2865,3236,2751,2447,2370,1078,3320,4061,2711,3996,4230,3076,3032,3408,3635,2901,2067,2138,3651,1000,3041,2781,0,1583,3883,2831,3612,1861,3325,2564,2982,2660,2187,2703,1644,4016,2711,1795,2217,1942,2426,4061,2114,2108,2516,2176,2825,1388,4506,4090,2443,1811,3444,3764,882,4136,1845,1763,1550
3903,4650,3543,3645,1560,1817,4008,3039,3269,4713,1203,3334,1132,4642,4419,2114,3326,2293,2847,1674,2809,3655,4475,1524,1728,4051,3899,2566,1556,430,1883,1924,2892,2385,1852,3913,3445,2066,4642,3263,3597,2743,3792,3352,3333,2927,783,3620,4361,3268,4579,4530,3962,3332,3708,4265,3201,2953,1760,3951,701,3221,3423,1818,0,4183,2708,4243,3090,3625,2320,3282,2960,2643,2691,1563,4316,3012,2095,3087,2917,2182,4362,2472,2993,2272,2476,3160,1445,5108,4390,3063,2786,3744,4064,1149,4662,1929,1315,2452
3449,1418,2551,3660,2902,5062,2960,3766,3174,1512,4587,2197,4770,1885,1053,2912,3104,4151,2800,3025,3532,1744,1938,4908,5140,2271,3366,2520,4901,4427,4549,4670,2846,4446,3607,1800,2350,4473,740,3561,2031,4408,1778,3189,3173,3985,4079,1508,1171,3754,2259,1167,2601,1706,2393,2088,1886,3375,5139,2128,4012,3646,3361,4220,4354,0,4374,2049,3728,1765,4252,1656,1645,4068,4195,3879,1804,2276,2288,3744,3475,4404,1052,4516,3313,4569,2325,4156,3654,1419,1038,2863,3431,968,754,4456,2342,3137,4764,3128
1891,3483,3138,1634,3148,1471,2530,1338,2371,5266,1579,4234,2549,3418,3918,3702,1997,2280,3063,3262,2604,4615,3252,1330,1622,2572,1991,3253,2090,2507,2238,1079,3244,1610,3454,4010,4002,2263,4023,1252,4515,71,2643,2626,2435,1592,2223,4581,4088,1423,3403,3844,2483,4293,4668,3042,4162,2323,1909,4912,2679,1210,1929,3020,2641,4370,0,3020,2349,4585,543,4243,3920,787,501,3316,5277,3972,3346,2002,2595,695,4806,1315,2882,860,3271,1034,3033,3913,4449,2738,2552,4705,4360,2135,3543,3517,2113,2942
2114,978,1216,2325,2861,3727,1625,2431,1839,3007,3835,1593,4728,1159,1658,2906,1769,3039,1873,2983,2212,2570,917,3586,3996,936,2031,2063,4425,4386,3623,3335,1709,3111,3394,1115,1531,3390,1764,2226,1833,3074,443,1854,1838,2650,4037,2333,1445,2419,509,1585,1266,2534,3049,695,2542,2040,4244,2954,3971,2311,2026,3759,4312,2111,3039,0,2393,2590,2917,2265,2301,2733,2860,3838,3029,2782,2246,2409,2140,3070,2546,3181,1978,3234,2081,2821,3612,1653,2190,1528,2096,2419,2101,4206,648,3096,4487,2487
1919,2898,1915,1869,1587,2750,1945,1406,1206,4080,2278,2700,3350,2833,3333,1910,1077,1068,1472,1710,402,3021,2667,2468,3218,1987,1836,1889,3482,2944,1652,2427,1880,1194,1965,2915,2638,1419,3438,1581,2964,2429,2058,1537,1269,1239,2660,2987,3404,1114,2819,3260,1898,2699,3074,2457,2568,374,3599,3318,2697,1605,1124,2169,3038,3550,2394,2435,0,2991,2273,2649,2326,1888,2211,2564,3683,2378,1461,405,392,2425,3728,2036,988,2590,1843,2050,2259,3328,3756,1324,491,3111,3430,2234,2958,1822,2976,1057
3783,2455,2858,3994,2264,4563,3659,4100,2652,1753,3949,1519,4132,2948,1950,2274,3308,3513,2163,2387,2894,199,3037,4270,4502,3400,3700,1882,4263,3790,3911,4671,2208,4204,2969,1670,1715,3836,2173,3895,1333,4743,2907,2667,2651,4281,3441,528,1891,4088,2692,2060,3612,425,898,3217,694,3038,4501,882,3375,3980,3596,3582,3716,1714,4708,2654,3192,0,4586,958,1007,4402,4529,3242,952,1110,1650,3407,3002,4739,1892,4641,2815,4903,1688,4490,3016,2639,1921,2379,2871,1275,1594,3818,2775,2500,4126,2490
1876,3467,3122,1618,2752,1075,2515,1323,2356,5250,1183,4218,2056,3403,3902,3306,1982,2275,3047,2866,2588,4600,3236,934,1106,2557,1975,3237,1596,2111,2027,880,3228,1640,3058,3994,3986,2149,4007,1236,4499,583,2627,2610,2419,1576,1827,4565,4072,1408,3388,3829,2468,4277,4653,3026,4146,2308,1416,4896,2283,1194,1914,2753,2244,4355,548,3004,2333,4570,0,4227,3904,817,724,2920,5261,3956,3287,1987,2580,179,4790,1266,2867,344,3256,1133,2637,3897,4433,2723,2536,4689,4345,1739,3527,3121,1597,2926
3449,2297,2524,3660,1930,4229,3325,3766,2318,2195,3615,836,3798,2900,1901,1940,2974,3179,1829,2053,2560,1015,2773,3936,4168,3071,3366,1548,3929,3456,3577,4336,1713,3870,2635,1232,1032,3501,2124,3561,683,4408,2578,2333,2317,3947,3107,960,1808,3754,2304,2011,3278,693,1421,2830,915,2704,4167,1665,3041,3646,3262,3248,3382,1665,4374,2265,2858,985,4252,0,673,4068,4195,2908,1768,1304,1316,3072,2668,4404,1843,4307,2481,4569,1354,4156,2682,2589,1871,2045,2537,1226,1545,3484,2387,2166,3792,2156
3120,2330,2195,3331,1602,3900,2996,3437,1989,2138,3286,869,3469,2842,1843,1611,2645,2850,1500,1724,2231,1079,2806,3607,3839,2938,3037,1219,3600,3127,3249,4008,1545,3541,2307,1449,1065,3173,2066,3232,1036,4080,2444,2004,1988,3619,2778,1045,1785,3425,2337,1954,2949,757,1040,2863,533,2375,3839,1283,2712,3317,2933,2919,3053,1607,4045,2299,2529,1049,3924,707,0,3739,3866,2579,1740,799,987,2744,2339,4076,1786,3978,2153,4241,1025,3827,2353,2532,1814,1716,2208,1168,1488,3155,2420,1837,3464,1827
1674,3265,2921,1416,3080,1530,2313,861,2154,5049,1511,4017,2698,3201,3700,3461,1780,1493,2846,3194,2044,4398,3035,1389,1810,2355,1773,3036,2239,2439,1623,983,3026,822,2846,3793,3785,1648,3806,1034,4298,806,2425,2408,2217,1082,2155,4364,3870,1206,3186,3627,2266,4076,4451,2825,3945,1907,2058,4695,2612,993,1712,2406,2573,4153,779,2802,1892,4368,731,4026,3703,0,516,3248,5059,3755,3013,1586,2140,884,4589,448,2569,1048,3054,827,2965,3696,4232,2521,2148,4487,4143,1881,3325,3373,2301,2548
1673,3264,2920,1415,3159,1483,2312,1022,2153,5048,1590,4016,2696,3200,3699,3577,1779,2053,2845,3274,2386,4397,3034,1342,1809,2354,1772,3035,2237,2518,2184,1091,3025,1383,3406,3792,3784,2208,3805,1033,4297,558,2424,2407,2216,1275,2234,4363,3869,1205,3185,3626,2265,4075,4450,2824,3944,2105,2056,4694,2691,992,1711,2966,2652,4152,542,2801,2131,4367,730,4025,3702,560,0,3327,5058,3754,3128,1784,2377,882,4588,1008,2664,1047,3053,806,3045,3695,4231,2520,2333,4486,4142,2147,3324,3489,2299,2724
3463,4131,3024,3674,1040,2465,3489,3687,2750,4194,1851,2815,2034,4123,3900,1595,2807,2553,2328,1155,2290,3136,3956,2172,2404,3531,3380,2047,2165,1691,2023,2572,2373,3033,1639,3394,2926,2384,4123,3575,3078,3391,3273,2833,2813,3575,1343,3101,3842,3511,4060,4011,3442,2813,3189,3746,2682,2434,2403,3432,1276,3660,3147,1841,1502,3664,3356,3724,2588,3106,2967,2763,2441,3291,3339,0,3797,2492,1576,2803,2398,2830,3842,3120,2474,2920,1957,3808,1113,4589,3871,2544,2267,3225,3545,1720,4143,1410,2028,1933
4495,2883,3570,4706,2976,5275,4142,4812,3364,897,4661,2271,4844,3066,2002,2986,4020,4225,2874,3099,3606,953,3120,4982,5214,3452,4412,2594,4975,4501,4623,5382,2920,4915,3681,2151,2459,4547,2222,4607,2105,5454,2959,3379,3363,4993,4153,1101,2372,4800,3174,2113,3782,1208,1523,3269,1317,3749,5213,1276,4086,4692,4308,4294,4428,1763,5420,3135,3904,973,5298,1730,1719,5113,5240,3953,0,1733,2362,4118,3714,5450,1529,5353,3527,5615,2399,5202,3728,2691,1683,3090,3582,1563,1377,4530,3257,3211,4838,3202
3199,2994,2274,3409,1680,3979,3074,3516,2067,2542,3364,1533,3547,3373,2502,1622,2723,2929,1578,1803,2310,1140,3206,3686,3918,3016,3116,1298,3679,3205,3327,4086,1623,3619,2385,2113,1729,3251,2725,3311,1700,4158,2523,2083,2066,3697,2857,1466,2444,3504,3001,2612,3027,1115,1012,2996,502,2453,3917,1255,2790,3396,3012,2998,3131,2266,4124,2962,2608,1110,4002,1365,793,3817,3944,2657,1740,0,1066,2822,2417,4154,2444,4057,2231,4319,1103,3906,2432,3190,2472,1794,2286,1827,2146,3234,3084,1915,3542,1906
2516,2698,1591,2727,735,3033,2392,2833,1385,2762,2419,1383,2602,2691,2468,1058,1881,1983,896,857,1364,1704,2524,2741,2972,2334,2433,615,2733,2260,2382,3141,941,2674,1440,1962,1493,2306,2691,2628,1646,3476,1840,1400,1384,2752,1912,1669,2410,2585,2628,2578,2345,1381,1757,2314,1250,1508,2972,2000,1845,2713,2221,2053,2186,2232,3441,2292,1662,1674,3320,1331,1008,3131,3262,1712,2365,1060,0,1877,1472,3398,2410,3111,1548,3488,525,3223,1487,3157,2439,1112,1341,1793,2112,2288,2711,970,2597,938
1706,2904,2117,1530,1846,2743,1951,1076,1192,4339,2312,2959,3385,2840,3339,2169,982,1442,1731,1968,661,3280,2673,2503,3012,1994,1805,2148,3441,2978,1913,2196,2139,896,2224,3129,2897,1679,3444,1242,3223,2090,2064,1536,1256,941,2694,3246,3618,774,2825,3266,1905,2958,3333,2463,2827,381,3260,3577,2956,1266,785,2548,3112,3792,2055,2441,406,3250,1934,2908,2585,1590,1876,2823,3941,2637,1720,0,654,2086,3987,1776,1247,2250,2102,1752,2518,3334,3870,1582,753,3369,3689,2414,2964,2081,3010,1316
1666,2645,1743,1877,1414,2850,1692,1659,953,3907,2367,2528,3282,2580,3080,1737,1009,1157,1299,1537,330,2849,2414,2557,3318,1734,1583,1717,3413,2939,1741,2597,1707,1447,1792,2743,2466,1508,3185,1778,2791,2626,1805,1320,1016,1492,2591,2814,3231,1366,2565,3006,1645,2526,2902,2204,2395,482,3651,3145,2524,1858,1335,2157,2866,3377,2591,2181,391,2819,2469,2476,2153,2141,2412,2391,3510,2205,1289,658,0,2622,3555,2285,815,2786,1670,2303,2087,3075,3584,1151,214,2938,3257,2324,2705,1649,3065,884
2028,3619,3274,1770,2613,937,2666,1475,2508,5402,1044,4370,2003,3555,4054,3168,2134,2137,3199,2728,2740,4708,3388,796,968,2709,2127,3389,1628,1972,1889,808,3380,1792,2920,4146,4138,2010,4159,1388,4651,734,2779,2762,2571,1728,1688,4674,4224,1559,3540,3981,2620,4386,4762,3178,4255,2460,1331,5005,2145,1346,2065,2614,2106,4507,700,3156,2485,4678,173,4336,4013,969,876,2781,5370,4065,3148,2139,2732,0,4942,1417,3019,164,3408,1285,2499,4049,4585,2875,2688,4798,4497,1601,3679,2982,1458,3078
3896,2149,2998,4107,3017,5315,3407,4213,3404,1240,4701,2311,4884,2332,1268,3026,3551,4265,2915,3139,3646,1859,2386,5022,5254,2718,3813,2634,5015,4542,4663,5117,2960,4893,3722,2199,2507,4588,1488,4008,2145,4856,2225,3419,3403,4432,4193,1622,2014,4201,2880,1378,3048,1820,2507,2535,2001,3790,5253,2243,4127,4093,3808,4334,4468,1029,4821,2496,3944,1879,4699,1770,1759,4515,4642,3994,1532,2391,2402,4159,3754,4852,0,4963,3568,5016,2440,4603,3768,1957,569,3131,3623,1282,533,4570,2970,3252,4878,3242
2171,3762,3418,1913,2906,1510,2810,1120,2651,5546,1394,4239,2671,3698,4197,3448,2277,1480,3040,3020,2031,4560,3531,1369,1978,2852,2270,3458,2723,2265,1520,900,3448,936,2833,4289,4207,1544,4303,1531,4502,1308,2922,2905,2714,1342,1981,4525,4367,1663,3683,4124,2763,4237,4613,3322,4106,2108,2498,4856,2437,1490,2122,2302,2398,4650,1281,3299,2048,4530,1234,4187,3864,502,1018,3074,5221,3916,3000,1787,2266,1386,5085,0,2556,1551,3381,1141,2791,4192,4729,2892,2135,4649,4640,1702,3822,3275,2297,2535
1971,2492,1329,2182,1546,3211,1997,2288,1185,3838,2728,2398,3413,2428,2927,1869,1314,1518,1000,1669,781,2779,2261,2918,3679,2039,1888,1417,3545,3071,2102,2958,1408,2091,1924,2343,2166,1869,3032,2083,2679,2930,1578,1200,1184,2180,2723,2745,2832,2019,2413,2854,1950,2457,2833,2051,2326,941,3783,3076,2656,2168,1655,2289,2998,3308,2896,2029,1079,2749,2774,2407,2084,2589,2716,2523,3441,2136,1420,1310,889,2926,3486,2645,0,3091,1436,2678,2219,2922,3458,672,758,2869,3188,2684,2552,1781,3408,1016
2197,3788,3444,1939,2709,1032,2836,1644,2677,5571,1140,4483,2101,3724,4223,3263,2303,2232,3368,2823,2910,4804,3557,891,1065,2878,2296,3558,1725,2068,1984,904,3549,1961,3015,4315,4307,2106,4329,1557,4746,904,2948,2931,2740,1897,1784,4769,4393,1729,3709,4150,2789,4481,4857,3347,4350,2629,1365,5100,2240,1515,2235,2710,2201,4676,869,3325,2654,4774,342,4431,4109,1138,1046,2877,5465,4161,3244,2308,2901,169,5111,1652,3188,0,3577,1454,2594,4218,4754,3044,2857,4893,4666,1696,3848,3078,1556,3247
2401,2562,1476,2612,1002,3301,2277,2718,1270,2770,2687,1390,2870,2575,2476,1112,1926,2251,781,1125,1632,1711,2409,3008,3240,2218,2318,479,3001,2528,2649,3409,805,2942,1707,1886,1357,2574,2699,2513,1654,3360,1725,1285,1269,2937,2179,1677,2417,2706,2492,2586,2230,1389,1764,2199,1258,1776,3239,2008,2113,2598,2214,2320,2454,2240,3326,2176,1930,1681,3204,1339,1016,3020,3147,1980,2373,1068,388,2145,1740,3356,2418,3379,1433,3521,0,3108,1754,3070,2446,997,1609,1801,2120,2556,2575,1238,2864,1228
1742,3334,2989,1389,3323,1852,2381,899,2222,5117,1959,4085,3008,3269,3769,3646,1848,2094,2914,3446,2312,4466,3103,1710,2121,2423,1842,3104,2549,2887,2270,1460,3095,1331,3447,3861,3853,2295,3874,1103,4366,983,2494,2477,2286,1152,2603,4432,3939,1207,3254,3695,2334,4144,4519,2893,4013,2072,2368,4763,3060,834,1780,3053,3021,4221,1023,2871,2057,4436,1042,4094,3771,836,827,3696,5128,3823,3197,1751,2305,1194,4657,1180,2733,1359,3122,0,3413,3764,4300,2589,2403,4556,4211,2515,3394,3558,2611,2793
3170,3880,2773,3380,785,2210,3196,3487,2457,3944,1596,2564,1779,3872,3650,1345,2513,1987,2078,900,1997,2885,3706,1918,2150,3238,3087,1797,1911,1437,1769,2318,2123,2839,801,3144,2675,1988,3873,3282,2828,3136,3022,2582,2520,3381,1089,2851,3591,3217,3809,3760,3149,2563,2938,3496,2432,2140,2149,3182,1022,3367,2853,1571,1363,3414,3102,3473,2295,2855,2713,2513,2190,3036,3084,1096,3547,2242,1325,2509,2104,2576,3592,2865,2180,2666,1707,3554,0,4338,3620,2294,1973,2975,3294,1466,3892,1155,1774,1606
3071,1202,2173,3281,3792,4684,2582,3388,2795,2408,4791,2617,5659,968,1060,3802,2726,3996,2830,3915,3169,2634,1092,4543,4953,1893,2988,3019,5381,5317,4580,4292,2798,4068,4351,2139,2555,4347,1088,3183,2807,4030,1399,2811,2794,3607,4969,2397,1554,3376,2020,879,2223,2596,3283,1633,2776,2997,5200,3018,4902,3268,2982,4715,5243,1435,3996,1670,3349,2654,3874,2546,2534,3689,3816,4769,2700,3166,3178,3365,3096,4026,1948,4138,2934,4191,3038,3778,4544,0,1591,2485,3053,2057,1502,5162,2103,4027,5443,3443
3487,1740,2589,3698,3038,5100,2998,3804,3212,1397,4723,2333,4906,1923,859,3048,3142,4287,2937,3161,3585,1880,1976,4959,5276,2309,3404,2656,5037,4564,4685,4708,2982,4484,3743,2221,2529,4610,1346,3599,2167,4446,1816,3227,3211,4023,4215,1644,1964,3792,2470,969,2639,1842,2529,2126,2023,3413,5275,2265,4149,3684,3399,4356,4490,1007,4412,2087,3766,1901,4290,1792,1781,4105,4232,4016,1689,2412,2424,3782,3513,4442,573,4554,3351,4607,2462,4194,3790,1547,0,2901,3469,1304,373,4592,2561,3274,4900,3264
1786,2017,853,1996,1817,3399,1661,2103,654,3440,3034,2000,3684,1952,2452,1862,1310,1824,762,1940,1088,2381,1786,3224,3668,1595,1703,1019,3816,3342,2408,3007,1010,2397,2230,1868,1768,2175,2557,1898,2281,2745,1102,670,653,2322,2994,2347,2357,2091,1937,2378,1614,2059,2435,1576,1928,1247,3916,2678,2927,1983,1599,2595,3268,2904,2711,1553,1386,2351,2589,2009,1686,2404,2531,2794,3043,1738,1203,1616,1195,2741,3088,2853,640,2906,1038,2493,2525,2447,2983,0,1064,2471,2790,2990,2077,2052,3679,1322
1624,2602,1601,1834,1273,2709,1649,1758,910,3766,2226,2386,3140,2538,3037,1596,967,1016,1158,1396,189,2707,2371,2416,3177,1692,1540,1575,3272,2798,1600,2456,1566,1546,1651,2601,2325,1367,3142,1735,2650,2583,1762,1277,974,1591,2450,2673,3090,1466,2523,2964,1603,2385,2760,2161,2254,439,3510,3004,2383,1820,1292,2015,2724,3236,2549,2139,491,2677,2427,2335,2012,2163,2369,2250,3369,2064,1147,757,209,2579,3414,2143,674,2744,1529,2330,1945,3032,3442,1010,0,2797,3116,2182,2662,1508,2924,743
3906,1918,2981,4116,2387,4686,3550,4223,2774,1522,4071,1682,4254,2412,1410,2397,3430,3636,2285,2510,3017,1229,2500,4393,4625,2861,3823,2005,4386,3912,4034,4793,2330,4326,3092,1528,1877,3958,1620,4018,1516,4865,2367,2790,2773,4404,3564,992,1482,4211,2526,1521,3191,1191,1878,2678,1371,3160,4624,1613,3497,4103,3719,3705,3838,963,4831,2488,3315,1249,4709,1141,1130,4524,4651,3364,1564,1761,1773,3529,3124,4861,1353,4764,2938,5026,1810,4613,3139,2099,1381,2501,2993,0,1055,3941,2609,2622,4249,2613
3398,1651,2500,3609,2720,5011,2909,3715,3108,1103,4405,2015,4588,1834,770,2730,3053,3969,2619,2843,3350,1562,1887,4726,4958,2220,3315,2338,4719,4246,4367,4619,2664,4395,3425,1903,2211,4292,1192,3510,1849,4357,1727,3123,3107,3934,3897,1326,1717,3703,2381,880,2550,1524,2211,2037,1705,3324,4957,1947,3831,3595,3310,4038,4172,733,4323,1997,3648,1583,4201,1474,1463,4016,4143,3698,1395,2094,2106,3693,3424,4353,525,4465,3262,4518,2144,4105,3472,1458,377,2812,3327,986,0,4274,2472,2956,4582,2946
3336,4532,3518,3079,1555,1251,3580,2280,2840,4709,636,3329,1370,4468,4415,2110,2897,1365,2843,1670,2068,3650,4301,958,1695,3622,3436,2562,1502,964,809,1313,2888,1627,1741,3909,3440,1137,4638,2697,3593,2176,3692,3207,2904,2169,680,3616,4356,2510,4453,4525,3533,3328,3703,4091,3197,2448,1740,3947,1079,2655,2664,1079,1098,4179,2142,4069,2222,3620,1753,3278,2955,1884,2124,1723,4312,3007,2090,2329,2303,1616,4357,1713,2591,1706,2472,2523,1440,4962,4385,2927,2172,3740,4059,0,4592,1924,1206,2252
2641,1146,1743,2852,3371,4254,2153,2958,2366,3508,4362,1714,5238,1686,2168,3416,2296,3566,2376,3494,2740,2690,1353,4113,4524,1463,2558,2353,4952,4896,4151,3862,1829,3639,3922,1236,1651,3917,2028,2753,1954,3601,970,2381,2365,3177,4548,2454,1566,2946,142,2095,1793,2654,3169,1222,2663,2567,4771,3074,4481,2838,2553,4286,4822,2302,3566,658,2920,2711,3445,2386,2421,3260,3387,4348,3149,2997,2757,2936,2667,3597,3056,3708,2505,3762,2592,3348,4123,2103,2699,2055,2623,2539,2611,4733,0,3606,5014,3014
2705,3372,2265,2916,408,2706,2731,3022,1992,3436,2092,2056,2275,3364,3142,835,2048,2151,1570,318,1532,2377,3198,2414,2645,2773,2622,1289,2406,1933,2265,2814,1615,2842,1415,2636,2167,2473,3365,2817,2320,3632,2514,2074,2055,2919,1585,2343,3084,2753,3302,3252,2684,2055,2431,2988,1924,1676,2645,2674,1518,2902,2389,2083,1859,2906,3598,2965,1830,2347,3209,2005,1682,3298,3451,1385,3039,1734,817,2044,1640,3071,3084,3279,1716,3161,1199,3412,1148,3831,3113,1786,1509,2467,2786,1961,3385,0,2270,1175
3461,4904,3797,3203,1814,1076,4100,2853,3524,4968,963,3589,1087,4897,4674,2369,3567,2107,3102,1929,2810,3910,4730,1079,822,4142,3560,2821,1219,1112,1742,1641,3147,2199,2121,4168,3699,1880,4897,2821,3852,2168,4046,3606,3587,2742,915,3875,4616,2993,4834,4784,4053,3587,3963,4520,3456,3021,1192,4206,1346,2779,3237,1886,1264,4438,2133,4498,2904,3880,1606,3537,3214,2402,2309,1983,4571,3266,2350,2902,3045,1468,4616,2286,3248,1561,2731,2718,1700,5363,4645,3318,2914,3999,4318,1219,4917,2184,0,2707
2035,3014,1973,2246,1000,3097,2061,2352,1322,3493,2614,2114,2868,2949,3199,1324,1378,1404,1073,1123,862,2435,2783,2805,3238,2103,1952,1344,2999,2526,1868,2844,1671,2106,1302,2693,2223,1755,3422,2147,2377,2995,2174,1689,1385,2249,2177,2400,3141,2083,2934,3310,2014,2112,2488,2573,1981,1006,3237,2731,2111,2232,1719,1727,2452,2963,2960,2550,1160,2405,2838,2062,1740,2551,2781,1978,3096,1792,875,1374,970,2991,3142,2532,1046,3155,1256,2742,1610,3444,3170,1382,839,2524,2844,2243,3074,1236,2862,0
