0,75255,28707,96832,22682,33633,87224,88622,25901,96880,19868,18233,44902,47453,82863,46609,96212,15743,27660,33528,106373,58576,73438,15717,59776,99103,17051,26080,32093,76765,14643,39496,50936,85652,104509,29122,90189,54296,30819,46871,13110,55032,43110,39099,38300,26502,72630,21303,41041,39854,63566,70228,65278,80271,43514,23450,22853,36664,32190,33458,38224,7834,70572,10489,33876,81268,79998,91085,43703,98411,28610,16089,19087,103032,29172,18492,21798,49011,59123,82873,14412,80788,50171,87300,44973,38702,28739,14246,36916,69111,87050,13597,33847,25151,76158,72515,101318,29614,74399,38889
74796,0,60897,26638,67167,38822,33929,35327,80392,43585,72347,71813,58764,51397,40616,61674,26018,83550,73533,70690,55447,50076,8532,83719,50004,46438,95048,59741,47568,13364,100035,68457,25260,14665,42940,41092,36894,57950,72136,34831,73981,50453,59914,37987,47958,47181,62953,61825,62929,29903,18398,10224,20141,41729,61512,69323,63888,48850,55575,45342,47409,57153,21608,65540,52918,25135,12419,25617,53109,50209,60346,71033,58022,38637,59911,48132,95771,21643,20462,10694,74017,9487,55774,16313,33907,36380,63375,85261,41911,21651,16856,71173,75494,57807,7857,11364,39749,49897,6902,74660
29121,60904,0,82481,11426,26990,93224,94622,52408,102881,19344,18810,8813,11365,88863,70765,81860,30547,12601,7538,111289,30388,59086,30717,65681,102280,43558,55260,43088,62413,40518,72168,36585,71300,98782,51969,96189,73627,57326,33840,36177,66130,69006,27555,16971,16968,78630,14352,72020,46491,49214,55877,50926,86271,70603,16320,10885,62396,7588,25639,15634,30326,62876,26462,60805,87269,65646,85160,12739,106051,55866,13265,24878,94479,1282,34275,42768,58910,44772,68521,16012,66436,74481,72949,32145,52057,58895,32258,57588,61704,72698,36665,60354,13432,61806,58163,95591,45417,60048,65395
97059,26270,83160,0,89430,61085,43126,44524,94435,40559,94610,94076,81027,73660,49814,75716,4424,105813,95796,92953,41238,72339,32974,105982,61098,32229,109091,82004,69831,37806,114077,82500,47523,17633,28732,63355,46091,67884,86178,57094,88830,64496,73956,60250,70221,69444,64854,84088,76971,52166,40661,32494,45141,50926,75554,91586,86151,67994,77838,67605,69672,79417,43088,87804,71085,38458,17185,20772,75372,36000,82609,93296,80285,22088,82175,70395,119381,44004,42726,23172,96280,20568,63408,10789,56170,58643,71553,107524,64174,44013,12603,86022,89536,80070,28040,33634,25541,72160,30420,88702
21511,67496,11397,89073,0,22050,80903,82302,42568,90560,13467,10228,23305,25856,76542,49296,88452,20483,13512,15777,100052,36980,65678,23462,53455,108872,33719,33791,25722,69006,31310,38365,43177,77892,105374,31314,83868,57137,36991,40433,29949,48712,47536,34147,20553,14919,66309,3376,50551,53083,55806,62469,57518,73950,49134,14171,6294,37968,14443,21875,20477,22983,69468,15487,36377,74948,72238,91752,22107,92090,30802,5650,13903,101071,11862,23300,40619,65503,51364,75113,8398,73028,53012,79541,38737,40894,34466,25003,39108,68296,79290,27724,39529,11109,68399,64756,102183,26623,66640,55556
32768,38782,27467,60359,22373,0,68661,70059,63932,78318,38917,38383,25334,17939,64300,45213,59739,50120,40103,37260,89168,16646,36965,50289,41118,80158,46852,29708,17535,40292,44443,46616,14464,49179,76661,26417,71626,53055,44648,11304,43949,44629,43453,3114,14500,8933,54067,20995,46468,21928,27093,33755,28805,61708,45051,35893,30458,36844,22145,3592,13951,30887,38313,26744,35253,62706,43525,63039,19679,83929,30313,27716,18616,72357,26482,30371,62341,34347,22651,46400,24961,44315,48929,50827,9406,27494,33343,51831,33025,37141,50577,41141,50135,12841,39685,36042,73470,15859,37926,58199
87487,33994,93173,42902,80361,68595,0,3152,64862,14150,104623,104089,91041,83674,11181,46143,42282,94087,105809,102966,23643,82353,28607,94504,31525,26546,79518,50283,63877,33440,84504,52926,76296,36776,31952,46403,7459,38311,56605,67728,59257,34923,44383,65865,80234,72301,24640,78982,47398,50280,69434,61266,74223,12294,45981,101599,96165,38421,87851,71614,79686,61740,22692,68939,41512,8703,34530,18520,85386,20236,50888,80974,71293,30475,92188,57176,89808,26861,71498,25258,78219,28401,33835,48259,65770,45984,41980,85845,40755,26778,41375,56448,59963,79615,56812,62407,28761,64219,28439,59129
88996,35503,94682,44411,81870,70104,3152,0,66371,9090,106133,105598,92550,85183,12690,47652,43791,95596,107318,104475,18582,83862,30117,96013,33034,14700,81027,51792,65386,34949,86013,54436,77805,38285,20359,47912,8968,39820,58114,69237,60766,36432,45893,67374,81743,73810,26149,80492,48907,51789,70943,62775,75732,13803,47490,103109,97674,39930,89360,73123,81195,63249,24201,70448,43021,10212,36039,20029,86895,12781,52397,82483,72802,31984,93697,58685,91317,28370,73007,26767,79728,29910,35344,49768,67279,47493,43489,87354,42264,28287,42884,57958,61473,81125,58321,63916,17710,65728,29948,60638
26370,79521,53867,93229,44213,59586,64994,66392,0,74651,37095,35460,62129,78164,60633,24379,92609,32970,44887,50755,84143,76843,60461,33387,37546,76873,18401,36502,50096,65293,23388,17266,68939,89918,82279,42493,67959,32067,8589,64874,10929,32802,20880,57102,74724,58519,50400,42834,18811,50729,71786,74494,83280,58041,21284,40677,42895,35320,59669,62604,74176,17817,48342,24201,32532,59039,84264,68855,79876,76181,37107,37620,31994,80802,54333,24399,28692,48304,77126,75594,35943,85054,27941,98586,62976,46434,32859,24729,38635,46881,91703,16640,11618,46682,80424,76781,79088,50438,61968,16659
97817,52937,103503,40796,90691,78925,12649,9118,75191,0,114953,114419,101371,94004,12622,56473,40176,104417,116139,113296,10113,92683,38937,104834,41854,10288,89847,60613,74207,43769,94834,63256,74190,47106,17641,56732,7557,36997,66935,78058,69587,45252,54713,76195,90564,82631,26081,89312,57728,60609,67328,59160,72118,13735,56311,111929,106495,48751,98181,81944,90016,72070,33021,79269,51842,19033,44860,28850,95715,5838,61218,91304,81623,20901,102518,67506,100138,37191,69392,35588,88549,38731,44165,46153,76100,56314,52310,96175,51085,37108,39269,66778,70293,89945,54706,60301,14992,74549,38769,69459
19802,72750,20298,94327,13467,38836,105070,106468,36559,114727,0,3238,28559,31110,100709,57267,93706,9564,11317,17186,123135,42234,70932,11912,77527,114126,27710,67106,54934,74260,24670,50155,48431,83146,110629,63815,108035,64955,41478,45687,32303,65691,53768,39401,31876,31867,90476,16392,51699,58337,61060,67723,62772,98117,54172,7107,9325,74242,26099,37486,31800,27387,74722,23457,72651,99115,77492,97006,27361,117897,67712,10863,24832,106325,20763,32264,24725,70757,56618,80367,13186,78283,60829,84795,43991,63903,70741,16410,69434,73550,84544,32790,44506,28331,73653,70010,107437,57263,71894,49547
18167,72190,19738,93767,10228,38277,96247,97645,34924,105904,3238,0,28000,30551,91886,55632,93147,10255,10758,16626,122576,41674,70373,13233,68799,113566,26075,39516,54374,73700,23035,48520,47871,82587,110069,37040,99212,63320,39843,45127,30668,64056,52133,38842,31317,31308,81653,13153,50064,57778,60501,67163,62213,89294,52537,6548,7968,43693,25540,36926,31241,25752,74163,19372,42102,90292,76933,96447,26801,117337,36528,7625,21593,105765,20203,29026,26367,70197,56059,79808,9947,77723,59194,84235,43432,63344,40192,14775,68875,72990,83985,31155,42871,27772,73093,69450,106878,56704,71334,47912
45265,58724,8786,80301,23779,24811,91045,92443,62022,100702,28959,28424,0,3222,86684,68586,79681,40162,23782,20461,109110,28208,56907,40331,63502,100101,53173,53081,40909,60234,50133,69989,34406,69121,96603,49790,94010,71448,68021,31661,44041,63951,66826,25376,8829,17275,76451,17757,69841,44312,47035,53698,48747,84092,68424,25935,20500,60217,9571,23460,7492,37075,60697,29579,58626,85089,63467,82981,10560,103871,53686,27645,25216,92300,7800,36328,52382,56731,42593,66342,30628,64257,72302,70770,29966,49878,56716,41873,55409,59525,70519,64514,73508,13739,59627,55984,93412,43238,57869,81572
47816,51603,11337,73180,26330,17653,83924,85322,80183,93580,31510,30975,3222,0,79563,61465,72560,42713,26333,23012,101989,21051,49786,42882,56380,92979,55724,45960,33787,53113,52684,62868,27284,62000,89482,42668,86889,64327,60900,24540,60201,56830,59705,18218,5630,16846,69330,20308,62720,37190,39914,46576,41626,76970,61303,28486,23051,53096,12122,16303,4293,39626,53576,32131,51505,77968,56346,75860,10448,96750,46565,30196,27767,85178,10351,46623,54934,49610,35471,59221,33180,57136,65181,63648,22844,42756,49594,44424,48288,52403,63398,57392,66387,16290,52506,48863,86291,36117,50747,74451
84201,41234,89888,50142,77075,65310,11766,13165,61576,12842,101338,100804,87755,80388,0,42857,49522,90801,102524,99680,22335,79067,35848,91218,28239,25138,76232,46997,60591,40680,81219,49641,68398,44017,39192,43117,7001,28049,53319,64442,55971,31637,41098,62579,76949,69015,17133,75697,44113,46994,76674,68506,81464,4787,42696,98314,92879,35135,84566,68328,76400,58455,26017,65654,38226,15943,41771,25760,82100,18928,47603,77688,68008,37715,88902,53890,86523,30096,78738,32498,74933,35641,30550,55499,62484,42699,38694,82560,37469,28859,48615,53163,56678,76330,64052,69647,36001,60933,35679,55844
46809,61860,70002,75568,48918,41925,47333,48731,24184,56990,57534,55899,67870,60503,42972,0,74948,53409,82638,79795,66482,59182,42800,53826,19885,59212,38840,18840,32434,47632,43826,12249,51278,72257,64618,24832,50298,14555,15927,47213,29387,15141,7088,39441,57063,40858,32739,47540,6720,33068,54125,56833,65619,40380,3187,78429,72994,17659,64680,44943,56515,38255,30681,37497,14871,41377,66603,51194,62215,58520,19446,49532,39851,63141,69017,25733,49130,30643,59465,57932,46776,67393,10429,80925,45314,28772,15198,45167,20974,29220,74041,25006,19285,48173,62763,59120,61427,32777,44307,18451
96888,26099,82989,4318,89259,60914,42955,44353,94264,40388,94439,93905,80856,73489,49643,75545,0,105642,95625,92782,41067,72168,32803,105811,60927,32058,108920,81833,69660,37635,113906,82329,47352,13361,28561,63184,45920,67713,86007,56923,88659,64325,73785,60079,70050,69273,64683,83917,76800,51995,40490,32323,44449,50755,75383,91415,85980,67823,77667,67434,69501,79246,42916,87632,70914,38287,12914,20601,75201,35829,82438,93125,80114,21917,82004,70224,119210,43833,42555,23001,96109,20397,63237,6518,55999,58472,71382,107353,64003,43842,12432,85851,89365,79899,16796,33463,25370,71989,30249,88531
15730,84632,32180,106209,20478,50718,93811,95209,32488,103468,9538,10250,40441,42992,89450,53196,105589,0,19677,25545,112960,54116,82814,2348,66363,105690,23639,44207,44701,86142,14595,46083,60313,95028,111096,41730,96776,60883,37406,57569,28240,61619,49697,51283,43758,43749,79217,23404,47628,70219,72943,79605,74654,86858,50101,18989,17684,64137,37981,49368,43682,24472,77159,21603,61349,87856,89374,97672,39243,104998,41218,16386,27925,109619,32645,33716,15161,77121,68500,92249,17919,90165,56758,96677,55873,75250,61676,6582,67452,75698,96426,28728,40435,40214,85535,81892,107905,42222,83776,45476
27656,72685,12429,94262,13661,38771,105005,106403,44414,114662,11350,10816,28494,31045,100644,65122,93641,19744,0,6872,123070,42169,70867,22723,77462,114061,35565,67041,54869,74194,32525,58009,48366,83081,110563,63750,107970,72809,49332,45621,36640,77911,61623,39336,31811,31802,90411,16587,59554,58272,60995,67658,62707,98052,62027,7042,7252,74177,26034,37420,31735,30788,74657,25403,72586,99050,77427,96941,27296,117832,67647,14397,27592,106260,12894,35024,35185,70691,56553,80302,17380,78217,68684,84730,43926,63838,70676,24264,69369,73485,84479,37128,52360,28266,73587,69945,107372,57198,71829,57402
33498,71245,7542,92822,15810,37331,103565,104964,50256,113222,17193,16658,21520,24071,99204,81106,92202,25587,6874,0,121630,40729,69427,28565,76022,112621,41407,65601,53429,72755,38367,63851,46926,81641,109124,62310,106530,83968,55174,44182,40561,76472,79347,37896,28058,24797,88971,18735,82362,56832,59556,66218,61267,96612,80945,12884,13094,72737,15418,35981,27982,34709,73218,30846,71146,97610,75987,95501,23515,116392,66207,17649,29262,104820,7644,38659,41027,69252,55113,78862,20396,76778,84823,83290,42486,62398,69236,30106,67929,72045,83039,41049,58203,20524,72148,68505,105933,55758,70389,63244
107309,54600,111490,42460,117761,89416,22141,18611,84684,10113,122940,122406,109358,101991,22114,65965,41840,113909,124126,121283,0,100670,48430,114326,51347,9095,99340,70105,83699,53262,104326,72749,75854,54248,19304,66225,17049,46489,76427,85425,79079,54745,64206,88580,98551,92123,35573,98805,67220,70102,68991,60824,73781,23227,65804,119917,114482,58243,106168,95935,98003,81562,42514,88761,61334,28525,53800,31326,103703,8408,70710,100796,91115,22564,110505,76998,109631,46683,71056,42907,98041,40303,53658,47816,84500,65806,61802,105667,60577,46600,40933,76271,79786,108400,56370,61965,16656,84041,58750,78951
38576,53367,10820,74944,17090,19453,85687,87086,55334,95344,22270,21736,8687,11239,81327,63229,74324,33474,23456,20702,103753,0,51550,33643,58144,94743,46484,47724,35551,54877,43444,64632,29048,63764,91246,44432,88652,66090,62664,26304,38032,58594,61469,20018,12004,11266,71093,11748,64484,38954,41678,48340,43389,78734,63067,19246,13811,54859,5498,18103,11928,31066,55340,23570,53269,79732,58109,77624,7489,98514,48329,20956,19207,86942,9835,30319,45694,51374,37235,60985,23940,58900,66945,65412,24608,44520,51358,35184,50052,54167,65162,59156,68151,7730,54270,50627,88055,37880,52511,76215
57507,8473,59010,33336,65281,36936,28556,29954,63720,38212,70461,69926,56878,49511,35243,45002,32716,81664,71646,68803,47705,48190,0,81833,33332,39090,78376,57854,45682,5927,83363,51785,23374,21362,49638,28353,31521,41896,55464,32945,72095,33781,43242,36100,46071,45295,38866,59939,46257,17999,16512,14322,21294,36356,44840,67437,62002,32178,53688,43455,45523,48215,15527,48251,36246,19762,19116,19958,51223,38398,58460,69146,56135,45334,58025,39194,93884,14206,18576,11502,72130,10295,37084,23011,32020,22722,36714,83374,25239,14215,23554,69287,58822,55920,11776,16608,46447,48011,2790,57988
15705,84146,31694,105723,23515,50233,94254,95653,32931,103911,11909,13287,39956,42507,89894,53639,105103,2371,22714,28582,113403,53630,82329,0,66806,106133,23613,65762,46638,85656,12567,46527,59827,94543,111539,43667,97219,61327,37850,57083,34433,62063,50140,50798,43273,43264,79660,26441,48071,69734,72457,79119,74169,87301,50545,18504,20721,64581,37496,48882,43197,24446,77602,23580,61793,88299,88889,98116,38757,105441,43155,18407,29926,110062,32159,33383,13133,77564,68014,91764,18602,89679,57201,96191,55387,75694,62119,7026,67895,76142,95941,28703,40878,39728,85049,81406,108348,44159,83290,45919
60615,52217,66318,60695,53489,41741,32459,33858,37990,42116,77769,77234,64186,56819,28098,19271,60074,67215,78954,76111,51608,55498,32071,67632,0,44338,52646,23411,37005,36903,57632,26055,44829,62614,49744,19531,35424,9889,29733,40873,32385,8051,17512,39010,53379,45429,17865,52111,20526,23425,44482,47190,50738,25506,14556,74745,69310,11549,60996,44759,52831,34868,16713,42067,14640,26504,56960,36321,58531,43646,24016,54102,44421,48267,65333,30304,62937,21000,46859,43059,51347,46202,7965,66051,38915,19129,15108,58973,13883,19577,59168,29577,33092,52744,53120,49477,46553,37347,33578,32257
100115,44661,101551,32521,107822,79476,26181,14683,77490,10284,113001,112467,99419,92052,24913,58771,31900,106715,114187,111344,9664,90731,51365,107132,44153,0,92146,62911,76505,56197,97132,65555,65914,44309,9365,59031,19848,50939,69233,75486,71885,47551,57011,78641,88612,84929,47910,102479,60026,62908,59052,50885,63842,26026,58609,109977,104543,51049,96229,85996,88064,74368,35502,81567,54140,21513,43861,21387,93763,5725,63516,111687,83921,12625,100566,69804,102436,39671,61117,32968,90847,30364,46463,37877,74561,58612,54608,98473,53383,39588,30994,69077,72591,98461,46431,52026,6717,76847,48811,71757
17503,95746,45001,109454,35346,46297,81219,82617,14213,90876,28228,26593,53262,55813,76858,40604,108834,24103,36020,41888,100368,66937,76686,24078,53771,93098,0,52726,66320,81518,7662,33491,85164,106143,98504,58718,84184,48291,24814,81099,21397,49027,37105,73327,56579,39166,66625,33967,35036,66954,88011,90719,99505,74266,37509,31810,34028,51545,50802,46122,56503,20399,64567,25405,48757,75263,100489,85080,52064,92406,53332,28753,31751,97027,45466,31057,17506,64529,93351,91818,27076,101279,44166,114811,79200,62658,49084,15862,54860,63106,107927,24114,27843,37815,96649,93006,95313,66663,78193,32884
26128,60449,54855,78709,33771,26777,50474,51872,37584,60130,66305,65771,52722,45355,46113,18866,78089,44188,67491,64648,69623,44035,58632,46205,23025,62352,52240,0,17287,61959,57227,12929,36131,70846,67759,6780,53439,26708,17461,32065,17779,18282,17106,24294,41916,25711,35880,32393,12223,23935,48760,55423,50472,43520,18704,63281,57846,8316,49533,29796,41367,18494,33821,22350,5528,44518,65192,54335,47067,61660,2665,34384,24703,66281,53870,10784,62531,33784,44318,68067,31629,65982,22582,72495,30167,31913,3617,58568,12236,32361,72244,14970,16448,33026,61352,57709,64568,17629,59594,31852
38392,43162,37567,64739,43838,9490,64225,65624,57560,73882,49018,48483,35435,28068,59865,38841,64119,60221,50203,47360,83375,26747,41345,60390,36682,84538,72216,23336,0,44672,77202,40244,18843,53559,81041,20045,67191,46683,38276,14778,37577,38257,37082,7006,24628,15695,49632,38496,40096,17492,31473,38135,33185,57272,38680,45994,40559,30472,32245,12508,24080,32638,33878,29136,28881,58270,47905,67419,29780,75412,23942,47704,21617,76737,36582,24000,72441,29912,27030,50780,30861,48695,42558,55207,12880,23058,26971,61932,28590,32705,54957,34769,43763,19784,44065,40422,77850,13493,42306,51827
76237,13305,62338,38168,68608,40263,33388,34786,68553,43044,73788,73254,60205,52838,40076,49834,37548,84991,74974,72131,52537,51517,5927,85160,38164,43922,83209,61182,49009,0,88195,56618,26701,26194,54470,42533,36353,46728,60296,36272,75422,38614,48074,39428,49399,48622,43698,63266,51089,22831,19839,17649,24621,41188,49672,70764,65329,37010,57016,46783,48850,58594,20359,66981,41078,24594,23948,24790,54550,43230,61787,72474,59463,50166,61352,49573,97212,19038,21903,16334,75458,15127,41916,27843,35348,37821,64816,86702,30071,19047,28386,72614,63654,59248,16608,19936,51279,51338,7434,62820
14820,98754,41613,112462,32662,43614,84226,85625,22904,93883,24841,23206,49875,52426,79866,43612,111842,14562,32632,38501,103376,63549,79694,12539,56778,96105,7805,55734,69328,84526,0,36499,88172,109150,101512,61726,87192,51299,27822,84106,24405,52035,40112,76335,53192,36482,69633,31284,38043,69961,91019,93726,102513,77273,40517,28423,30640,54553,47415,43438,53116,24287,67574,22722,51765,78271,103496,88088,48676,95413,56339,26069,29067,100034,42078,43633,8919,67536,96359,94826,24393,104287,47173,117818,82208,65666,52092,9724,57867,66114,110935,27121,30850,35131,99657,96013,98320,43300,81201,35891
35704,67665,71616,81373,38126,43538,53138,54537,13079,62795,46429,44794,69483,62116,48777,12523,80753,42304,54220,81409,72287,60796,48605,42721,25690,65017,27735,13671,34048,53437,32721,0,52892,78062,70423,26446,56103,20211,4930,48826,15443,20947,7156,41055,58677,42472,38544,36748,6578,38873,59931,62638,67233,46185,9116,50011,52228,19093,66294,46557,58128,18975,36486,22980,16305,47183,72408,57000,63828,64325,16119,46954,41464,68946,70631,20382,38025,36448,61079,63738,45277,73198,16085,86730,46928,34578,16632,34062,26779,35025,79847,13683,3916,49787,68568,64925,67232,34390,50112,9061
50472,25667,36573,47244,42843,14498,52406,53804,69640,75373,48023,47488,34440,27073,67085,50921,46624,59226,49209,46365,76053,25752,23850,59395,43903,67043,84296,35416,23244,27177,69197,52325,0,36064,63546,32125,55371,51849,50356,10507,49657,44352,49162,13663,23633,22857,56852,37501,52177,24713,13978,20640,21104,64493,50760,44999,39564,42552,31250,21018,23085,44718,39378,41216,40961,43612,30410,49924,28785,70814,36022,46709,33698,59242,35587,36080,71447,37132,9536,33285,49693,31200,54638,37712,9583,30279,39051,60937,35810,39926,37462,46849,55843,33483,26570,22927,60355,25573,24811,63908
85773,14711,71874,17671,78144,49799,37051,38449,91369,46707,83324,82790,69741,62374,43739,72651,13353,94527,84510,81666,53867,61053,21415,94696,60981,44858,106025,70717,58545,26247,111012,79434,36237,0,41360,52069,40016,68927,83112,45808,84958,61430,70891,48964,58935,58158,58824,72802,73906,40880,18013,12320,25906,44851,72489,80300,74865,59826,66552,56319,58386,68130,31529,76517,63895,28257,3334,24524,64086,48629,71323,82010,68999,37057,70888,59109,106748,32445,31439,16024,84994,13911,66751,6385,44884,47357,74352,96238,52888,32454,14665,82150,86471,68784,10442,9408,38169,60874,18861,85637
105887,41173,98063,29033,104334,75988,31953,20404,83262,17704,109513,108979,95930,88563,38641,64543,28412,120717,110699,107856,18384,87243,47877,112904,49925,9375,97918,68683,82277,52709,102904,71326,62426,40821,0,64803,34918,56711,75005,71998,77657,53323,62783,75153,85124,84347,53681,98991,65798,68680,55564,47397,60354,39753,64381,106489,101055,56821,92741,82508,84576,80140,41274,87339,59912,27285,40373,17899,90275,13145,69288,108199,89693,6889,97078,75576,108208,45443,57629,29480,96619,26876,52235,34389,71073,64384,60380,104245,59155,45360,27506,74848,78363,94973,42943,48538,3229,82619,45323,77529
28602,43942,50957,65519,30768,22880,51906,53305,43897,61563,62408,36527,48825,41458,47546,25179,64899,41184,63593,60750,71056,40137,27982,43202,24363,63785,58553,9674,13390,32815,63540,26582,32233,54339,69192,0,54872,33021,24614,28168,23914,14381,23419,20396,38018,21813,37313,29389,26434,15150,36207,38915,46575,44953,25017,59384,53949,10787,45635,25898,37470,19636,21748,19346,9852,45951,48685,55768,43170,63093,5261,31381,16785,67714,49972,10615,68844,17782,40420,51560,28626,49475,28895,55987,26270,10854,7941,41757,8029,20575,55737,21106,30101,29128,44845,41202,66000,13807,29489,38165
90912,37420,96599,46327,83786,72021,5745,6784,68287,7371,108049,107515,94466,87099,7043,49569,45707,97512,109235,106392,16864,85778,32033,97930,34950,19667,82943,53708,67302,36865,87930,56352,79721,40202,35377,49828,0,41737,60030,71153,62682,38348,47809,69290,83660,75726,20502,82408,50824,53705,72859,64692,77649,8155,49407,105025,99590,41846,91277,75039,83111,65166,26117,72365,44937,12128,37956,21945,88811,13457,54314,84400,74719,33900,95614,60602,93234,30286,74924,28683,81645,31826,37261,51684,69195,49410,45405,89271,44181,30203,44801,59874,63389,83041,60238,65833,32186,67645,31864,62555
55584,60155,78903,67792,57819,50825,39557,40955,32959,36911,66309,64674,76770,69403,27743,14380,67172,62184,91539,88696,46403,68083,41603,62601,10595,51436,47615,27741,41335,46435,52601,21024,60179,61675,56842,33733,42522,0,24702,56113,38163,12980,14844,48342,65964,49759,12449,56441,15495,31363,52420,55128,58676,25151,12960,87329,81894,26560,73581,53844,65415,47031,28976,46398,23772,33601,59429,43418,71115,50744,28347,58432,48751,55365,77918,34634,57906,28938,54796,50156,55677,53299,5301,73149,54215,27067,24099,53943,23330,27515,66265,32624,28061,57074,61058,57415,53651,41677,43110,27227
31313,71389,58810,85097,36509,47261,56861,58260,8687,66518,42038,40402,73207,65840,52501,16246,84476,37912,49829,55698,76010,64519,52328,38330,29413,68740,23343,17394,37771,57161,28330,4856,56615,81785,74146,30169,59826,23934,0,52549,10994,24670,10879,44778,62400,33838,42267,35131,10301,42596,63654,66361,70956,49908,12839,45619,47837,22816,70017,50280,61852,17358,40209,21362,20028,50906,76131,60723,67551,68048,18925,42562,30438,72669,74354,18765,33634,40171,64802,67461,40886,76921,19808,90453,50651,38301,20355,29671,30502,38749,83570,12066,3540,41153,72291,68648,70955,27065,53835,10133
47564,35425,33665,57002,39935,11204,65389,66787,66732,75046,45115,44581,31532,24165,61028,48014,56382,56318,46301,43458,85811,22844,33608,56487,37846,76801,81388,32509,20336,36935,66289,49417,11106,45822,73304,29217,68354,45792,47449,0,46750,38296,46254,10369,20726,19563,50795,34593,49269,18656,23736,30398,25448,58436,47852,42091,36656,39644,28343,18110,20177,41810,35042,38308,38054,59434,40168,59682,25877,80572,33114,43801,30790,69000,32679,33172,68539,31076,19293,43043,46785,40958,51730,47470,3498,24222,36143,58029,29753,33869,47220,43941,52936,30575,36328,32685,70113,22665,34569,61000
13073,74313,35984,88829,28553,40641,60594,61992,11007,70251,32428,30792,42770,59219,56233,29444,88209,28247,36432,40364,79743,57898,72496,28221,33146,72473,19977,17733,31151,75823,24964,15837,49994,84710,77879,23548,63559,37131,10981,45929,0,28402,25944,38157,55779,29592,46000,27175,23875,37799,62624,69286,64336,53641,26349,33222,30130,26489,38062,43659,55231,9725,43942,13730,23700,54639,79056,64455,60931,71781,18165,25895,20450,76402,36449,15571,30268,43904,58181,81931,23909,79846,33005,86358,44031,42033,20392,26305,27917,42481,86108,4569,14522,31023,75216,71573,74688,26304,73457,21723
56354,49714,63815,63874,49228,39237,35639,37037,33729,45296,75265,74731,61682,54315,31278,15011,63254,62954,76451,73608,54788,52994,30654,63372,8191,47518,48385,19150,32744,35486,53372,21794,42325,60110,52924,14398,38604,13480,25472,38370,28124,0,13251,36506,50876,41168,21045,47850,16266,20921,41979,44686,48234,28686,14849,72241,66806,6416,58493,42255,50327,30608,18534,37807,9822,29684,54456,39500,56027,46826,19756,49842,40161,51447,62830,26043,58676,18496,44355,46239,47086,55246,11304,69231,36411,16626,10290,54713,8750,17074,62348,25316,28831,48483,50616,46973,49733,33087,32161,27997
43959,59997,68139,73705,47055,40061,45469,46868,21334,55126,54684,53049,66006,58639,41109,9085,73085,50559,62475,77932,64619,57319,40937,50976,18021,57348,35990,16977,30571,45769,40976,7216,49415,70393,62754,22969,48435,14181,10894,45349,26537,13278,0,37578,55200,38995,30876,45677,3140,31204,52262,54969,63756,38516,3819,58266,71130,15796,62817,43080,54651,24108,28817,35633,13008,39514,64739,49331,60351,56656,17582,47668,37987,61277,67154,23870,46280,28779,57602,56069,44913,65529,10055,79061,43451,26909,13335,42317,19110,27357,72178,18817,9881,46310,60900,57256,59563,30913,42444,15601
39109,37992,27720,59569,33990,3115,65869,67267,59898,75526,39170,38636,25587,18192,61508,41179,58948,50373,40356,37513,85018,16899,36174,50542,38326,79368,74554,25674,13502,39502,79540,42583,13673,48388,75870,22383,68834,49021,40614,10513,39915,40595,39420,0,14753,11474,51275,23536,42434,19136,26302,32965,28014,58916,41018,36146,30711,32810,22398,6134,14204,33355,35521,29853,31219,59913,42734,62248,19932,83139,26280,37856,19002,71567,26734,26338,62594,31555,21860,45609,27503,43524,44896,50037,8615,24702,29309,52084,30233,34349,49786,37107,46101,15382,38894,35252,72679,14210,37136,54166
48502,48191,16943,69767,20467,14241,80511,81909,76771,90168,32196,31662,8829,5630,76150,58052,69147,43399,33382,27704,98576,17638,46373,43568,52968,89567,56410,42547,30375,49700,53370,59455,23872,58587,86069,39256,83476,60914,57487,21127,56788,53417,56293,14805,0,16149,65917,19103,59307,33778,36501,43164,38213,73558,57890,29172,23737,49683,13365,12890,1394,51849,50163,30925,48092,74555,52933,72447,9751,93338,43153,30882,27360,81766,15958,43211,55620,46197,32059,55808,33866,53723,61768,60236,19432,39344,46182,45110,44875,48991,59985,53980,62974,15085,49093,45450,82878,32704,47335,71038
25298,46572,17875,68149,14903,8035,71367,72766,58478,81024,32461,31927,18242,20794,67007,39760,67529,43664,33647,25893,90517,21666,44755,43833,43919,83246,39381,24255,13066,48082,36973,41163,22253,56969,84451,20981,74333,47602,39195,19094,33736,39176,38000,10904,19519,0,56774,13524,41015,24225,34883,41545,36595,64414,39598,29437,24002,31391,13534,7860,18971,23417,40992,19274,29800,65412,51315,75229,17044,82554,24860,20246,11146,80147,19390,19008,44128,37026,30440,54190,17491,52105,43476,58617,17196,26717,27889,36575,28774,39819,58367,35687,44682,8219,47475,43832,81260,13967,45716,52746
74040,46542,79727,65353,66914,55149,25239,26637,51415,26314,91177,90643,77594,70227,17147,32696,64733,80640,92363,89520,35807,68906,39164,81057,18078,48997,66071,36836,50430,43996,71058,39480,58237,59236,54403,32956,20473,12626,43158,54281,45810,21476,30937,52418,66788,58854,0,65536,33952,36833,57891,60598,64146,14554,32535,88153,82718,24974,74405,58167,66239,48294,28404,55493,28065,31162,56990,40979,71939,32400,37442,67527,57847,52926,78741,43729,76362,34408,60267,47718,64772,50860,16906,70710,52323,32538,28533,72399,27308,32985,63826,43002,46517,66169,66528,62885,51212,50772,40671,45683
20121,62472,14333,84049,3387,20660,79513,80912,36114,89170,16402,13164,17792,20343,75153,47906,83429,23419,16448,18713,98663,31956,60654,26397,52065,103848,34205,32401,24332,63982,31796,36975,38153,72868,100351,29924,82479,55748,35601,35409,28559,47322,46146,23529,19194,13529,64919,0,49161,48059,50782,57445,52494,72560,47744,17107,9230,36578,13084,20485,19118,21593,53779,14097,34987,73558,67214,86728,16594,90700,29412,8586,12513,96047,14798,21910,38952,49813,46340,70089,7807,68005,51622,74517,33713,39504,33077,27939,37718,52606,74266,26335,38139,9425,63375,59732,97160,25233,61616,49102
41944,62212,70354,75920,49270,42277,47685,49083,19319,57342,52669,51034,68222,60855,43324,7070,75300,48544,60461,80147,66834,59534,43152,48961,20237,59564,33975,19193,32786,47984,38961,6614,51630,72609,64970,25184,50650,14757,10292,47565,24523,15493,3154,39793,57415,41210,33091,47892,0,33420,54477,57185,65971,40732,4017,56251,73346,18011,65032,45295,56867,23506,31033,37849,15223,41730,66955,51546,62567,58872,19798,53194,40203,63493,69369,26086,44265,30995,59817,58285,51517,67745,10632,81277,45667,29124,15550,40302,21326,29572,74393,18214,7655,48525,63115,59472,61779,33129,44659,13586
40342,28497,46940,50074,53211,22363,51443,52842,54289,61100,58391,57856,44808,37441,47082,35570,49454,69594,59576,56733,70592,36120,18087,69763,23900,63322,68945,22459,20069,22919,73931,42354,25451,38894,68728,14989,54408,31846,46032,21495,36700,24350,33811,19632,34001,24735,36849,47869,36825,0,20762,23470,27018,44490,35409,55367,49932,22746,41618,25381,33453,31050,19791,31086,26815,45488,33239,31808,39153,62630,23064,57077,27561,67251,45955,22028,79236,11787,23138,26174,40365,24967,29671,40542,19537,10276,27283,53496,15808,17858,40292,33891,49391,43851,29400,25756,65537,20487,19594,48556
63419,17188,49519,38765,55790,27444,43926,45325,73237,66894,60969,60435,47387,40020,50614,54518,38145,72173,62155,59312,67574,38699,15370,72342,42848,58565,87893,48363,36190,18698,92879,61301,13882,18036,55067,33937,46892,50794,63303,23454,62604,43298,52758,26609,36580,35803,55797,50447,55773,22747,0,8424,7478,63438,54356,57945,52511,41694,44197,33964,36032,57665,30898,54163,45762,35133,18622,41445,41731,62335,48968,59655,46644,50764,48534,40976,84393,29577,4919,24806,62639,22721,48619,29234,22529,29224,51998,73883,34755,29586,28983,59796,68338,46429,14782,10325,51876,38520,16332,67504
69984,10214,56084,31828,62354,34009,62524,63923,75580,59957,67534,67000,53951,46584,69212,56861,31208,78738,68720,65877,60637,45264,14224,78907,45191,51627,90236,54928,42755,17551,95222,63645,20447,12308,48130,36280,65489,53137,67323,30019,69169,45641,55101,33174,43145,42368,58140,57012,58116,25090,8401,0,9917,70324,56699,64510,59075,44037,50762,40529,42597,52341,28624,60728,48105,35011,12031,34508,48296,55398,55533,66220,53209,43826,55099,43319,90958,27302,15650,17869,69204,15784,50962,17317,29094,31567,58562,80448,37098,27311,22046,66360,70681,52994,8191,2899,44939,45085,12561,69847
64862,20131,50962,44990,57233,28888,49798,51197,84030,73119,62413,61878,48830,41463,56486,65311,44370,73616,63598,60755,73799,40142,21242,73785,49073,64789,98686,49806,37634,24570,83587,66714,21007,26692,61292,46515,52763,57019,64746,24897,64047,49522,63552,28052,38023,37247,62022,51891,66566,28971,7480,9916,0,69662,65149,59389,53954,47918,45640,35407,37475,59108,36770,55606,55351,41005,18964,47670,43175,68560,50412,61099,48087,56988,49977,50470,85836,35449,10295,31031,64082,28946,69028,27234,23972,35449,53441,75326,40980,35457,35208,61239,70233,47872,18108,11818,58101,39963,22204,78297
81598,42359,87284,51267,74472,62706,12892,14290,58973,13967,98735,98200,85152,77785,3119,40254,50647,88198,99920,97077,23460,76464,36973,88615,25636,26263,73629,44394,57988,41805,78615,47038,65795,45142,40317,40514,8126,25446,50716,61839,53368,29034,38495,59976,74345,66412,14530,73094,41509,44391,65448,69631,71704,0,40092,95711,90276,32532,81962,65725,73797,55851,23414,63050,35623,17068,42896,26885,79497,20053,44999,75085,65404,38840,86299,51287,83919,27493,67824,33623,72330,36766,27947,56624,59881,40095,36091,79956,34866,26256,49740,50560,54075,73727,65177,70772,37126,58330,36804,53240
44104,62403,70545,76111,49461,42467,47875,49274,21478,57532,54828,53193,68412,61045,43515,3126,75491,50703,62620,80338,67025,59725,43343,51121,20427,59754,36134,19383,32977,48175,41121,9177,51821,72799,65161,25375,50841,12332,12855,47755,26682,15684,3820,39984,57606,41401,33282,48083,3990,33610,54668,57375,66162,40922,0,58410,73536,18202,65223,45486,57057,35550,31223,38039,15414,41920,67145,51737,62757,59062,19988,50074,40393,63683,69560,26276,46425,31185,60008,58475,47319,67936,8206,81467,45857,29315,15741,42462,21516,29763,74584,20778,11842,48716,63306,59662,61969,33319,44850,15746
26468,65642,13190,87219,10787,31728,97962,99361,47659,107619,14596,14062,21451,24003,93602,75504,86599,25799,10012,17570,116028,35126,63824,25968,70419,107018,38810,59999,47826,67152,35770,61255,41323,76038,103521,56707,100927,78365,52578,38579,34672,70869,73744,32293,24768,24759,83368,13713,76759,51229,53953,60615,55664,91009,75342,0,4378,67134,18992,30378,24692,28820,67615,22529,65544,92007,70384,89899,20253,110789,60604,11523,24718,99217,13655,32150,38020,63649,49510,73260,14507,71175,79220,77687,36883,56795,63633,27510,62327,66442,77437,35160,55606,21224,66545,62902,100330,50155,64786,60647
22089,64840,12388,86417,6409,30927,97161,98559,43964,106818,10901,10366,20650,23201,92800,74702,85797,22104,7217,13086,115226,34324,63023,22273,69618,106217,35115,59197,47024,66350,32075,57559,40522,75237,102719,55906,100126,77564,48882,37777,30293,70067,72942,31492,23967,23958,82567,9334,59104,50428,53151,59814,54863,90208,74540,7877,0,66333,18190,29576,23891,24441,66813,18150,64742,91205,69583,89097,19451,109987,59802,7144,20339,98416,12853,27772,34324,62847,48709,72458,10128,70373,78418,76885,36082,55994,62832,23814,61525,65641,76635,30781,51911,20422,65743,62100,99528,49354,63985,56952
36732,50302,61984,67170,37928,33906,38934,40333,36293,48591,73434,43688,59851,52484,34574,17575,66550,65518,74620,71777,58084,51163,31088,65936,11486,50813,50949,8430,24416,35920,55936,18465,43259,60699,56220,10462,41900,20163,22997,38958,26656,6189,15815,31422,49045,32840,24341,36550,18830,21510,42568,45275,48823,31981,17413,70410,64975,0,56662,36925,48496,25966,18969,26507,4581,32979,55045,42796,54196,50121,8554,38542,24538,54742,60999,18255,61240,18931,44944,49534,35787,55835,21291,62348,37296,17215,5049,57277,7408,17508,65643,23848,21983,40155,51205,47562,53028,24758,32595,30561
42051,56206,7588,77783,14473,17827,88527,89925,58809,98184,25745,25211,9540,12091,84166,66068,77163,36949,26931,15606,106592,25690,54389,37118,60984,97583,49960,50563,38390,57716,46920,67471,31888,66603,94085,47272,91492,68930,65503,29143,39393,61433,64308,22858,13481,12627,73933,13109,67323,41794,44517,51180,46229,81574,65906,22721,17287,57699,0,13839,13405,32427,58179,24932,56108,82571,60949,80463,10328,101353,51168,24431,20568,89782,8053,31680,49169,54213,40075,63824,27415,61739,69784,68251,27448,47360,54198,38659,52891,57007,68001,37169,70990,9091,57109,53466,90894,40720,55351,79054
32108,41805,25840,63382,21714,3268,71683,73082,66954,81340,37290,36755,23707,16312,67323,48235,62762,48493,38476,35632,92190,15019,39987,48662,44140,83181,46192,32730,20558,43315,43784,49639,17486,52201,79684,29439,74648,56077,47670,14327,46971,47652,46476,6136,12872,8273,57089,20335,49491,24950,30116,36778,31827,64730,48074,34266,28831,39866,20517,0,12324,30228,41336,26085,38275,65728,46547,66061,18052,86952,33336,35976,17957,75380,24854,25799,60714,37370,25673,49422,24302,47338,51952,53850,12428,30516,36365,50204,36048,40163,53599,44163,53157,12182,42708,39065,76493,18882,40949,61222
48494,47639,15584,69216,20459,13689,79959,81358,76219,89616,32188,31654,7470,4271,75598,57500,68596,43392,33374,27697,98024,17086,45821,43561,52416,89015,56403,41995,29823,49149,53363,58904,23320,58035,85518,38704,82924,60362,56935,20576,56236,52866,55741,14254,1394,16141,65365,19095,58756,33226,35950,42612,37661,73006,57339,29164,23730,49131,13357,12338,0,51297,49612,30918,47540,74004,52381,71895,9743,92786,42601,30874,29264,81214,14599,42659,55612,45646,31507,55256,33858,53172,61217,59684,18880,38792,45630,45102,44323,48439,59433,53428,62422,15077,48542,44899,82327,32152,46783,70487
7834,69525,30151,91102,22482,35853,65344,66743,17644,75001,27507,25872,36699,39250,60983,38352,90482,24452,30599,34531,84493,53110,47261,24427,37896,77223,19875,18447,26363,71035,20455,31240,45206,79922,82629,20204,68309,46040,22563,41141,10089,33153,34853,33369,50992,23521,50750,21104,32784,31035,57836,64498,59548,58391,35257,27389,24297,25805,31991,30477,50443,0,48692,7658,23017,59389,74268,69206,35500,76531,19692,20062,14378,81152,30616,10859,30714,40192,53394,77143,18076,75058,41914,81570,39243,29883,21106,22982,27997,47231,81320,10577,25591,24951,70428,66785,79438,23884,68669,30632
71926,22712,64360,43283,70631,39782,23270,24668,49300,32927,75811,75276,62228,54861,26007,30582,42663,78525,76996,74153,42419,53540,15334,78943,18912,35325,63956,25393,35238,20167,68943,37365,38708,31310,40731,22293,26235,26858,41044,38915,43696,19361,28822,37052,51421,43662,27817,56298,31837,17841,31846,28382,36629,23415,30420,72787,67352,17475,59038,42801,50873,46179,0,46254,21544,17482,29064,24238,56573,34633,35327,58289,42730,39254,63375,41615,74247,4547,33911,21153,55534,19946,24682,32958,36957,17171,22012,70284,16018,3058,33501,40887,44402,61270,26015,29522,37540,35656,16841,43568
10481,65991,26425,87568,15479,26431,69447,70845,24059,79104,23499,19257,29696,32247,65086,37839,86947,21628,27230,30805,88596,49576,64173,25080,41999,81326,26441,22334,22828,67500,24033,24933,41672,76387,86732,19858,72412,45681,23559,37606,16503,37256,36080,29835,47457,19300,54853,14101,39095,30590,54301,60964,56013,62494,37678,22849,20012,26511,24988,26256,46909,7658,43713,0,24921,63492,70733,73308,28497,80634,19346,16092,9927,85255,26890,11844,31188,39747,49859,73608,13337,71523,41556,78036,35708,29438,23010,23635,27651,42540,77785,14292,26096,17948,66893,63250,83541,20349,65135,37046
32150,59128,64760,72836,43676,36682,44601,46000,31712,54258,76210,75676,62627,55260,40240,12994,72216,60937,77396,74553,63750,53939,40068,61354,17153,56480,46368,6674,27192,44900,51355,13883,46036,69525,61886,10998,47566,20835,18415,41970,22075,12410,11234,34198,51821,35616,30007,42298,14249,30336,51394,54101,60377,37648,12832,73186,67751,5754,59438,39701,51272,24558,27949,32254,0,38646,63871,48463,56972,55788,8115,44289,34608,60409,63775,20491,56659,27911,54223,55201,41534,64661,16710,78193,40072,26041,3293,52696,12650,26488,71310,19266,17402,42931,60031,56388,58695,27534,41575,25980
83907,25291,89593,36818,76781,65015,9928,11326,61282,19584,101043,100509,87461,80094,16615,42563,36198,90507,102229,99386,29077,78773,19904,90924,27945,20462,75938,46703,60297,24736,80924,49346,43278,28073,25868,42823,12893,34731,53025,64148,55677,31343,40803,62285,76654,68721,31701,75402,43818,46700,36416,34599,41199,17728,42401,98019,92585,34841,84271,68034,76106,58160,16541,65359,37932,0,25827,9816,81806,19770,47308,77394,67713,24391,88608,53596,86228,20710,38481,16555,74639,19698,30255,42175,62190,42404,38400,82265,37175,20627,35291,52868,56383,76035,27280,35740,22677,60639,19736,55549
79641,12465,65741,17140,72012,43667,34805,36203,85237,44461,77192,76657,63609,56242,41493,66518,12822,88395,78377,75534,53336,54921,19169,88564,54848,44327,99893,64585,52413,24001,104879,73302,30105,3334,40829,45937,37770,62794,76980,39676,78826,55298,64759,42831,52802,52026,56578,66669,67773,34747,18622,11743,18965,42605,66357,74168,68733,53694,60419,50186,52254,61998,29283,70385,57763,26011,0,22278,57954,48098,65191,75877,62866,36526,64756,52976,100615,30199,25307,13778,78861,11665,60619,8021,38751,41224,68220,90105,46756,30208,14134,76018,80339,62651,6647,8844,37638,54742,16615,79505
92848,27651,84541,20206,90812,62466,18869,20267,70223,28526,95991,95457,82408,75041,25557,51504,19586,107195,97177,94334,30417,73721,19982,99865,36886,21407,84879,55644,69238,24814,89866,58288,48904,24498,17910,51764,21834,43672,61966,58476,64618,40284,49745,61631,71602,70825,40643,85469,52760,31732,42042,33875,46832,26669,51343,92967,87532,43782,79219,68986,71054,67102,24392,74301,46873,10076,22252,0,76753,25178,56250,94677,76655,16433,83556,62537,95170,27939,44107,13126,83580,16122,39197,20171,57551,51346,47341,91207,46116,28478,13288,61810,65325,81451,23705,35016,14719,69580,19813,64491
55790,47730,28034,69307,34305,13816,80050,81448,76310,89707,39484,38950,25902,17973,75689,57591,68687,50688,40670,37827,98115,17214,45912,50857,52507,89106,63699,42086,29914,49240,60659,58995,23411,58126,85609,38795,83015,60453,57026,20667,56327,52957,55832,14381,14534,19708,65456,28962,58846,33317,36040,42703,37752,73097,57430,36460,31026,49222,22712,12466,13985,51388,49703,47886,47631,74095,52472,71986,0,92877,42692,38170,29391,81305,27049,42750,62908,45737,31598,55347,41154,53263,61308,59775,18971,38883,45721,52398,44414,48530,59524,53519,62513,24944,48633,44990,82418,32243,46874,70578
99476,48378,105268,36237,111538,83193,18735,12712,76851,5838,116718,116184,103135,95768,18708,58132,35617,106076,117904,115061,8408,94447,35908,106493,43513,5729,91506,62272,75866,40740,96493,64915,69631,48025,13082,58392,13643,50300,68594,79202,71246,46912,56372,82358,92329,84290,32167,106196,59387,62268,62769,54601,67559,19820,57970,113694,108259,50410,99946,89713,91780,73729,34863,80928,53501,20874,47578,25104,97480,0,62877,115404,83282,16342,104282,69165,101797,39032,64833,29992,90208,34081,45824,41594,78278,57973,53969,97834,52744,38949,34710,68437,71952,102178,50147,55742,10433,76208,52528,71118
28600,59128,53534,79314,30765,25456,51079,52477,38190,60736,64984,36525,51401,44034,46718,19471,78694,41182,66170,63327,70228,42714,57311,43200,23631,62958,52846,2665,15966,60638,57832,15378,34810,69525,68364,5259,54044,27313,18922,30744,18223,18887,17712,22973,40595,24390,36485,29387,20726,22614,47439,54102,49151,44126,19310,61960,56525,8557,48212,28475,40046,19634,34427,19344,6966,45124,63871,54940,45746,62266,0,31379,17375,66887,52549,10612,63137,34389,42997,66746,28624,64661,23188,71174,28846,15913,5055,59173,10897,32966,70923,15415,18896,31705,60031,56388,65173,16308,58273,32457
16086,69078,12979,90655,5368,27389,81483,82881,37147,91140,10863,7625,24887,27438,77122,49875,90034,16420,14343,17359,100632,38562,67260,18314,54035,110454,28298,34370,34864,70588,25889,50742,44759,79474,106956,31894,84448,57717,42065,42014,26061,49291,54356,35729,28204,20258,66889,8293,52287,54665,57388,64051,59100,74530,54760,15003,7126,38547,22427,33813,28128,20209,55749,14258,36956,75528,73820,93334,23689,92670,31382,0,16447,102653,13444,23880,31448,51783,52946,76695,5602,74610,53592,81123,40319,41474,35046,19855,39687,54576,80872,26549,45094,16023,69980,66338,103765,32385,68222,50135
17874,62497,24793,84074,13847,18403,70595,71993,31813,80251,24823,21585,25339,27890,66234,38987,83454,27918,27576,29173,89744,32034,60679,28544,43147,82474,31958,23482,19334,64007,29549,40390,38178,72893,87880,20208,73560,46829,30466,34113,24258,38403,37227,19120,29887,11272,56001,12468,40242,27096,50808,57470,52519,63641,38825,28235,20358,30618,20631,18228,29339,14369,40219,9918,29027,64639,67239,74456,24141,81782,24087,16439,0,86403,25258,11251,36705,36253,46365,70114,13684,68030,42703,74542,32215,25944,27116,29152,28001,39046,74291,19111,33004,13237,63400,59757,84689,16856,61641,51973
104372,34644,91534,22503,97804,69459,30437,31836,81746,20926,102984,102450,89401,82034,37125,63028,21883,114187,104170,101327,21606,80713,41347,111389,48409,12596,96402,67167,78205,46180,101389,69811,55897,34291,6851,63287,33403,55196,73489,65468,76141,51807,61268,68624,78595,77818,52166,92462,64283,60540,49035,40867,53825,38238,62866,99960,94525,55305,86212,75979,78046,78625,39759,85824,58396,25770,33844,16384,83746,16367,67773,101670,88178,0,90548,74061,106693,43928,51099,27964,104654,25361,50720,27860,64544,62869,58864,102730,57640,43845,20976,73333,76848,88444,36413,42008,6451,80534,38794,76014
29559,59918,1282,81495,11865,26005,92239,93637,52846,101895,19782,19248,7828,10379,87878,69780,80875,30986,13040,7640,110304,29402,58101,31155,64696,101294,43997,54275,42102,61428,40957,71183,35599,70315,97797,50984,95204,72642,57764,32855,36616,65145,68020,26570,15986,18468,77645,14790,71035,45506,48229,54891,49941,85286,69618,16758,11324,61411,8027,24654,14649,30764,61891,26900,59820,86283,64661,84175,11753,105065,54880,13703,25316,93493,0,34714,43206,57925,43787,67536,16450,65451,73496,71963,31160,51072,57909,32696,56603,60718,71713,37104,74702,14933,60821,57178,94606,44432,59062,82766
18487,58379,34100,79956,23154,24707,57671,59070,24518,67328,32151,28913,50652,43285,53311,26064,79336,33570,34904,38480,76820,41964,38029,33392,30223,69550,39177,10774,15217,59889,32345,20132,34060,68776,74956,10972,60636,33906,18758,29995,15369,25480,24304,22223,39846,18906,43077,21775,27319,21803,46690,53352,48402,50718,25902,35564,27686,18132,47463,27725,39297,10854,41019,11732,15344,51716,63122,61533,44997,68858,10460,23767,11260,73479,34565,0,49468,30960,42247,65997,21012,63912,29780,70424,28097,20651,13434,31947,18766,39559,70174,11677,21296,25623,59282,55639,71765,13191,57523,39050
21695,100728,48275,117774,45873,66814,89538,90937,28216,99195,24762,26488,56537,59088,85178,48924,117154,15223,39714,45582,108688,70211,85006,13201,62090,101417,17608,61046,74640,89838,8858,41811,76409,111124,106824,67038,92504,56611,33134,73664,29717,57347,45424,67379,59854,43358,74945,38159,43355,75273,89038,95701,90750,82585,45829,35085,39464,59865,54077,65463,59778,29599,72886,29597,57077,83583,105470,93400,55339,100725,61652,31608,35943,105346,48740,48945,0,72849,84596,100138,31268,106260,52485,112773,71969,70978,57404,10544,63179,71426,116247,32433,36162,56309,101630,97987,103633,74982,86513,41203
51451,21666,60301,44506,66572,35723,27406,28804,49653,37063,71751,71217,58169,50802,30787,30934,43886,82955,72937,70094,46555,49481,14288,79295,19264,39461,64309,25745,31179,19120,69295,37718,37662,32532,44867,18234,30371,27210,41396,34856,44048,19714,29175,32993,47362,39603,32213,52238,32189,11780,30800,27335,35583,28195,30773,68727,63293,17828,54979,38742,46814,42159,4547,42195,21896,21618,30286,28009,52513,38769,35680,54230,38670,43390,59316,33138,74600,0,32865,22375,51475,21168,25035,34181,32898,13112,22364,70637,16371,2539,34724,41240,44755,57211,24969,28476,41676,31596,15795,43921
59021,20396,45122,41973,51392,23047,47134,48533,78189,70102,56572,56038,42989,35622,53822,59471,41352,67775,57758,54915,70781,34301,18578,67944,46440,61772,92845,43966,31793,21906,77746,60874,9485,30792,58275,40674,50099,54386,58906,19056,58206,46890,57711,22212,32183,31406,59389,46050,60726,26339,4964,15369,10181,67030,59309,53548,48113,45286,39800,29567,31634,53267,34106,49765,49510,38341,25138,44652,37334,65543,44571,55258,42247,53971,44136,44629,79996,32785,0,28013,58242,25929,52211,32441,18132,32816,47600,69486,38347,32794,32190,55398,64393,42032,21299,17656,55083,34122,19540,72457
82866,10742,68966,23122,75237,46892,25202,26601,76556,34859,80417,79882,66834,59467,31890,57838,22502,91620,81602,78759,41775,58146,11146,91789,43219,32765,91212,67810,55638,15978,96199,64621,33330,16045,29268,49162,28168,50006,68300,42901,82051,46617,56078,46057,56027,55251,46976,69895,59093,25968,26468,18300,31257,33003,57676,77393,71958,50116,63644,53412,55479,65223,21260,73610,53207,16409,13799,13142,61179,30023,68416,79103,66092,27791,67981,56202,103840,22176,28532,0,82086,2603,45530,17693,41977,44449,53674,93331,49981,22185,14825,79243,71658,65877,12133,19441,26077,57967,10962,70824
14416,72108,16009,93685,8398,24634,78728,80126,35478,88385,13186,9947,27917,30468,74367,47120,93065,17949,17374,20389,97877,41592,70290,18614,51280,90607,26628,31615,32109,73618,24220,49073,47789,82504,96013,29139,81693,54962,40396,45045,24060,46536,52686,27502,31234,17502,64134,7785,50617,39871,60419,67081,62130,71775,53091,13539,10156,35792,19882,24458,31158,18208,52994,11503,34201,72772,76850,82589,26719,89915,28627,5602,13692,94536,16474,21125,31375,49028,55976,79725,0,77641,50837,84153,43349,38719,32291,20155,36932,51821,83902,24548,43424,15090,73011,69368,92822,29630,71252,48465
80753,9570,66854,20519,73124,44779,28656,30055,86349,38313,78304,77770,64721,57354,35344,67631,19898,89507,79490,76647,39171,56033,9974,89676,46673,30162,101005,65698,53525,14806,105992,74414,31217,13932,26665,47049,31622,53460,78093,40788,79939,56410,65871,43944,53915,53138,50430,67782,68886,24797,24355,16188,29145,36457,67469,75280,69845,54807,61532,51299,53366,63111,20088,71497,58875,19863,11686,16130,59066,33933,66303,76990,63979,25187,65869,54089,101728,21005,26420,2603,79974,0,48984,15581,39864,42337,69332,91218,47868,21013,12222,77130,81451,63764,10020,17328,23473,55854,9791,80617
51193,57615,74512,63442,53428,46434,35207,36605,28568,44864,61918,60283,72379,65012,30846,9989,62822,57793,87148,84305,54356,63692,36982,58210,8055,47086,43224,23350,36944,41814,48211,16633,55788,57325,52492,29342,38172,4528,20311,51722,33772,19651,10453,43951,61573,45368,16280,52050,11105,28822,49880,52587,70129,28254,8570,82938,77503,22169,69190,49453,61025,42640,26435,42007,19381,29252,62357,39069,66724,46394,23956,54041,44361,51015,73527,30243,53515,26398,63975,45807,51286,48950,0,68799,49824,24527,19708,49552,25483,24975,61916,28234,23670,52683,58518,54874,49301,37286,38489,22836
87410,16348,73510,10778,79781,51435,48862,50260,100170,46295,84960,84426,71378,64011,55550,81452,6460,96164,86146,83303,46974,62690,23052,96333,66833,37965,114826,72354,60181,27884,119813,88235,37873,6385,34467,53706,51827,73620,91914,47445,86595,70231,79692,50600,60571,59794,70590,74438,82707,42516,24224,17346,31767,56662,81290,81936,76502,61463,68188,57955,60023,69767,33165,78154,65532,44194,8021,20234,65722,41736,72959,83646,70635,30164,72525,60745,108384,34082,33076,17660,86630,15547,69144,0,46520,48993,75988,97874,54524,34090,7772,83786,95272,70420,12078,15269,31276,62511,20498,94438
43835,34092,32331,55669,38602,8630,65207,66606,63003,74864,43781,43247,30199,22832,60846,44285,55048,54985,44967,42124,84477,21511,32274,55154,37664,75468,77659,28780,16607,35601,82646,45688,9773,44488,71970,25488,68172,45610,43720,3094,43021,38114,42525,7795,19392,16989,50613,33259,45540,18474,22402,29065,24114,58254,44123,40758,35323,36510,27009,11649,18844,38081,34860,34579,34325,59252,38834,58348,24544,79239,29385,42467,27061,67667,31346,29443,67205,30894,17960,41709,45451,39624,48001,46137,0,24040,32414,56695,29572,33687,45886,40212,49207,29241,34994,31351,68779,18936,33236,57271
38338,33087,47188,54664,53459,22611,47682,49081,50528,57339,58639,58104,45056,37689,43322,31809,54044,69842,59824,56981,66832,36368,20438,70011,20139,59561,65184,20455,18066,25270,70171,38593,25699,43484,64967,12986,50648,28086,42271,21743,34696,20589,30050,19880,34249,26490,33089,39126,33065,4295,25352,28060,31608,40729,31648,55615,50180,18985,41866,25629,33701,29047,17335,29082,23054,41727,37830,51544,39401,58869,21061,41117,25558,63490,46203,20025,75475,13369,27729,40705,38362,38620,25910,45132,19785,0,23522,71512,12047,16162,44882,31888,45630,44099,33990,30347,61776,18484,21945,44796
28787,64082,58488,74984,34432,30410,46748,48147,33859,56405,69938,40191,56355,48988,42387,15141,74363,63084,71123,68280,65897,47667,35511,63502,19300,58627,48515,3617,20920,40343,53502,16030,39763,74479,64033,7941,49713,22983,20562,35698,20438,14557,13381,27926,45548,29343,32154,33054,16396,25932,52393,59055,54105,39795,14979,66914,61479,4935,53165,33428,45000,21154,23391,23011,2147,40793,68825,50610,50700,57935,5058,35045,21042,62556,57502,13443,58806,23354,47950,57348,32290,69615,18857,76127,33800,21637,0,54843,11830,21931,73457,17630,19549,36658,64985,61342,60842,21262,37018,28127
14223,85688,33236,113886,25057,43017,85651,87049,24328,95308,16463,14828,41497,44048,81290,45036,113266,6562,24255,30124,104800,55172,83870,7007,58203,97530,15479,57159,45182,87198,9752,37924,61369,96084,102936,63150,88616,52724,29247,58625,25830,53460,41537,52339,44814,35886,71057,30687,39468,71386,73998,80661,75710,78698,41941,20045,22263,55977,39037,50424,44738,22991,68999,22125,53189,79696,90430,89513,40299,96838,57764,19949,28471,101459,33701,31928,10620,68961,69556,93305,20143,91221,48598,97733,56929,67091,53516,0,59292,67538,97482,28546,32275,34534,86591,82948,99745,42704,84832,37316
36357,43404,57505,69718,38522,32927,41483,42881,39573,51140,68956,68421,55373,48006,37122,20854,69098,48939,70141,67298,60632,46685,25795,69215,14035,53362,54229,12267,21144,30627,59216,27638,36015,53801,58768,8048,44448,23797,31316,32060,28009,8706,19095,30197,44566,29568,26889,37144,22110,14612,35669,38377,41925,34530,20693,65932,60497,7728,52183,35946,44018,27390,16123,27101,11797,35528,48147,45344,49718,52670,10933,39135,24540,57291,56520,18369,64520,16085,38045,51022,36380,48937,21621,55449,30102,10316,12265,60557,0,14663,55199,25201,34675,36883,44307,40664,55577,21562,27302,33841
71439,21577,63168,44829,69438,38590,27373,28772,48813,37030,74618,74084,61035,53668,28875,30095,44208,78039,75804,72961,46523,52347,14199,78456,18425,39428,63469,24906,34046,19031,68456,36878,41678,32855,44834,21101,30339,26371,40557,37723,43209,18874,28335,35859,50229,42469,31374,55105,31350,16811,30711,27246,35493,26283,29933,71594,66159,16988,57846,41609,49680,45692,3058,45062,21057,21585,30609,28341,55380,38736,34840,57097,41537,43357,62183,41128,73760,2539,32775,22698,54342,21491,24195,34503,35764,15979,21525,69797,15531,0,35046,40400,43915,60078,24879,28387,41643,34463,15706,43081
86070,15280,72170,12328,78440,50095,43024,44423,94333,40457,83620,83086,70037,62670,49712,75615,11708,94824,84806,81963,41137,61350,21984,94993,60996,32127,108989,71014,58841,26816,113976,82398,36533,14231,28630,52366,45990,67783,86076,46104,85255,64394,73855,49260,59231,58454,64753,73098,76870,41176,29671,21504,34461,50825,75453,80596,75161,60123,66848,56615,58682,68427,32098,76814,64191,38357,13784,13339,64382,35898,71619,82306,69295,24327,71185,59405,107044,33014,31736,14808,85290,12205,63307,7800,45180,47653,74648,96534,53184,33023,0,82446,89435,69080,17050,22645,25439,61171,19430,88601
12966,71562,36026,86078,25080,37890,57843,59241,15844,67499,32321,28089,39297,56468,53482,24215,85458,28140,36831,40406,76992,55147,69744,28115,30395,69722,22066,14982,28399,73072,27052,13560,47243,81958,75128,20797,60808,31903,12186,43178,3934,25651,18848,35406,53028,26119,43249,23702,18270,35048,59873,66535,61584,50890,20808,31681,29613,23737,34589,40908,52480,6252,41190,10256,20949,51887,76304,61704,58180,69030,15414,24354,16976,73651,36491,11662,32356,41153,55430,79179,22367,77095,27777,83607,41280,39282,17641,28393,25166,39730,83356,0,14723,27549,72465,68822,71937,23553,70706,28831
34332,70392,74343,84100,39383,46265,55865,57263,11706,65522,45056,43421,72210,64843,51504,15250,83480,40931,52848,58717,75014,63522,51332,41349,28417,67744,26362,16398,36775,56164,31349,3859,55619,80789,73150,29173,58830,22938,3557,51553,14071,23674,9883,43782,61404,45199,41271,38004,7667,41600,62658,65365,69960,48912,11843,48638,50856,21820,69021,49284,60855,20231,39213,24236,19032,49910,75135,59727,66555,67052,18846,45581,33312,71673,73358,21639,36653,39175,63806,66465,43905,75925,18812,89457,49655,37305,19359,32690,29506,37752,82574,14940,0,52514,71295,67652,69959,37117,52839,8169
23890,58458,13412,80035,12090,12518,78730,80129,39884,88387,27997,27463,13779,16330,74370,47123,79415,39201,29183,20508,97880,27942,56641,39370,51282,99835,37974,31618,20429,59968,35566,48526,34140,68855,96337,28344,81696,54965,39370,31395,32328,46539,45363,15387,15181,7318,64136,9425,48378,44046,46769,53432,48481,71777,46961,24973,19539,38753,9071,12343,15105,25362,60431,17866,37163,72775,63201,82715,12580,103605,32223,16291,13037,92034,14926,25680,51421,56465,42327,66076,15111,63991,50839,70503,29700,49612,35252,40911,36137,59259,70253,30104,52045,0,59361,55718,93146,21330,57603,60109
75128,7750,61229,27016,67499,39154,57712,59110,80724,55145,72679,72144,59096,51729,64400,62006,16818,83882,73864,71021,55825,50408,11728,84051,50336,46815,95380,60072,47900,16560,100367,68789,25592,10415,43318,41424,60677,58282,72467,35163,74313,50785,60246,38319,48289,47513,63285,62157,63261,30234,15062,8184,18101,65512,61844,69655,64220,49181,55906,45674,47741,57485,26160,65872,53250,29251,6777,24234,53441,50586,60678,71365,58354,39014,60243,48464,96102,24839,20794,12109,74349,10024,56106,12064,34239,36712,63707,85593,42243,24847,17234,71505,75826,58139,0,9324,40127,50229,10098,74992
72270,11355,58371,32969,64641,36296,63665,65063,77866,61098,69821,69287,56238,48871,70353,59148,32349,81024,71007,68164,61778,47550,16511,81193,47478,52768,92522,57215,45042,19838,97509,65931,22734,9408,49271,38566,66630,55424,69610,32305,71456,47927,57388,35461,45432,44655,60427,59299,60403,27377,10302,2911,11819,71465,58986,66797,61362,46324,53049,42816,44883,54628,29764,63015,50392,36152,8844,35649,50583,56539,57820,68507,55496,44967,57386,45606,93245,28443,17937,19010,71491,16925,53248,15269,31381,33854,60849,82735,39385,28452,23187,68647,72968,55281,9332,0,46080,47371,13702,72134
102658,37944,94834,25803,101104,72759,28724,17717,80032,15018,106284,105750,92701,85334,35411,61314,25183,117487,107470,104627,15697,84013,44648,109675,46695,6688,94688,65454,79048,49480,99675,68097,59197,37591,3191,61573,31689,53482,71776,68768,74428,50093,59554,71924,81895,81118,50452,95762,62569,65450,52335,44168,57125,36524,61152,103260,97825,53592,89512,79279,81346,76911,38045,84110,56682,24056,37144,14670,87046,10459,66059,104970,86464,6451,93848,72347,104979,42214,54400,26250,93390,23647,49006,31160,67844,61155,57150,101016,55926,42131,24277,71619,75134,91744,39714,45308,0,79390,42094,74300
29772,50247,44652,71824,26621,15630,63520,64918,50631,73177,56103,55568,42520,35153,59159,31912,71204,42354,57288,54445,82669,33832,48429,44372,36072,75399,65287,16407,7084,51757,43324,33316,25928,60643,80805,13133,66485,39754,31347,21863,30648,31329,30153,14091,31713,14044,48926,25243,33168,20022,38558,45220,40269,56567,31751,53079,47644,23543,39330,18648,31165,24018,33145,20516,21952,57565,54989,67381,36865,74707,17013,32551,16992,79328,43667,14343,50479,29179,34115,57864,29796,55780,35629,62292,19964,18870,20042,42927,20927,31972,62041,27840,36834,21358,51150,47507,77614,0,49391,44899
73869,6872,59970,31735,66240,37895,29985,31384,66481,39642,71420,70886,57837,50470,36673,47762,31115,82623,72606,69762,60544,49149,2760,82792,36092,51534,81137,58813,46641,8688,86124,54546,24333,19761,48037,40165,32951,44656,58224,33904,73054,36542,46003,37060,47031,46254,41627,60898,49018,20759,17471,12541,22253,37786,47601,68396,62961,34938,54647,44415,46482,56226,18288,64613,39007,21192,17515,21388,52182,55305,59419,70106,57095,43733,58984,47205,94844,16967,19535,11475,73090,10268,39844,21410,32980,25483,62448,84334,28000,16975,21952,70246,61583,56880,10175,13682,44846,48970,0,60749
38844,74160,82302,87868,56686,54224,59632,61031,16219,69289,49569,47934,80169,72802,55272,19018,87247,45444,57360,63229,78782,71481,55100,45861,32184,71511,30875,31140,44734,59932,35861,9058,63577,84556,76917,37132,62597,26705,10133,59512,21423,27441,15518,51740,69363,53158,45038,55308,13449,45367,66425,69132,77919,52679,15923,53151,55368,29959,76980,57243,68814,30290,42980,36675,27171,53677,78902,63494,74514,70819,31745,50094,52150,75440,81317,38033,41165,42942,71765,70232,48417,79692,22579,93224,57614,41072,27497,37202,33273,41520,86341,24206,8169,60473,75062,71419,73726,45076,56607,0
