0,4128,2443,4869,1584,2474,4150,4318,1545,4545,1621,1417,2833,3025,4149,2219,4713,1245,2121,2716,5250,3119,4019,1197,2968,4820,1145,2259,2088,4438,1128,2101,3006,4635,4817,2403,4162,3047,1688,3034,1137,2642,2198,2633,3121,1947,3536,1505,2016,2844,3705,3895,3757,3934,2237,1733,1777,2860,2571,2505,3088,693,3720,868,2569,3613,4395,4519,2673,4884,2249,1442,1474,4855,2455,1545,1678,3716,3340,4443,1346,4256,2523,4810,2751,2860,2503,1126,3070,3588,4368,1239,1939,1963,4119,4042,4475,2406,4147,2105
4283,0,3130,1396,3325,2228,2542,2711,4152,2937,3455,3355,2967,2799,2805,3242,1241,3986,3496,3486,3059,2328,681,4152,2695,2320,4580,2771,2252,1211,4755,3713,1314,1102,2209,2681,2555,3476,3954,1928,3958,2626,3313,2146,2548,2910,3273,3349,3318,1772,1177,840,1671,2835,3404,3108,2910,2805,2765,2432,2483,3829,1809,3505,3052,1894,886,1925,2503,2558,2804,3523,3221,2128,3017,3145,4882,1864,1190,833,3835,644,3265,1277,1825,2044,3061,4368,2548,1993,895,3703,3969,2935,644,942,1867,2718,595,3904
2474,3112,0,3852,1058,1778,4514,4682,3333,4909,1431,1332,762,954,4513,3289,3697,1963,1175,922,5515,1589,3003,2129,3322,4777,2933,2663,2144,3421,2882,3671,1990,3619,4665,2799,4526,4103,3475,2064,3132,3252,3361,1811,1406,1483,3900,1249,3366,2492,2689,2879,2741,4298,3451,1084,887,3309,746,1653,1280,2629,3681,2140,3039,3977,3379,4423,913,5015,2697,1373,2148,4584,167,2731,2858,3507,2324,3426,1601,3240,3607,3794,1868,2671,2953,2344,3174,3537,3351,3233,3727,1219,3102,3026,4323,2610,3130,3892
5041,1373,3888,0,4084,2986,2181,2350,4371,2474,4213,4114,3725,3557,2444,3461,413,4745,4254,4244,2508,3086,1836,4910,2787,1770,4799,3529,3010,2366,4974,3932,2072,1402,1658,3439,2194,3361,4173,2686,4597,2845,3532,2904,3306,3668,2945,4107,3537,2530,1935,1644,2422,2474,3623,3866,3669,3236,3524,3190,3242,4587,2749,4263,3389,1703,1320,1753,3261,2008,3563,4281,3979,1594,3776,3903,5441,2858,1948,1635,4594,1421,3224,1048,2583,2803,3454,5126,3306,2987,779,4342,4188,3694,1476,1746,1316,3476,1799,4123
1657,3331,1050,4072,0,1698,4482,4651,2767,4878,1190,808,1522,1714,4481,2967,3916,1640,1128,1383,5583,1808,3222,1758,3301,4996,2367,2341,1938,3641,2350,3032,2209,3838,4884,2423,4495,3809,2871,2283,2245,2975,3039,2030,1813,1171,3869,243,3044,2711,2908,3098,2960,4267,3129,937,520,2927,1263,1729,1780,1646,3900,1135,2657,3946,3598,4643,1362,5217,2270,585,1142,4804,1062,1726,2711,3727,2543,3646,813,3459,3285,4013,2087,2881,2571,1974,3091,3756,3571,2251,3086,1016,3322,3245,4543,2319,3350,3327
2567,2205,1786,2945,1735,0,3547,3715,3071,3942,2111,2011,1623,1413,3546,2160,2790,2642,2152,2142,4608,984,2096,2808,2355,3870,3284,1533,1015,2514,3267,2541,1083,2712,3758,1669,3559,3002,2734,1067,2721,2167,2231,407,1163,789,2933,1656,2237,1525,1782,1972,1834,3331,2322,1764,1566,2179,1421,367,1098,2478,2714,2056,1910,3010,2472,3516,1159,4108,1567,2230,1558,3677,1673,1940,3538,2540,1417,2519,2104,2333,2478,2887,784,1704,1823,3024,2207,2570,2444,2466,2810,1044,2195,2119,3416,1476,2223,2822
4340,2576,4553,2155,4530,3552,0,491,3310,1039,4878,4779,4390,4222,907,2400,2000,4790,4919,4909,1743,3751,2186,4687,1726,1842,3738,2575,2953,2719,3913,2871,3302,2831,1838,2828,656,2300,3112,3427,3536,1784,2471,3372,3971,3775,1762,4451,2476,2509,3165,2873,3688,936,2562,4531,4334,2175,4189,3813,3907,3708,1989,3733,2328,634,2614,1540,3926,1624,2609,4737,3705,1876,4441,3135,4380,2430,3178,2037,4611,2131,2163,2621,3184,2126,2393,4317,2286,2268,2009,3281,3127,4318,2706,2975,1497,3455,2289,3062
4517,2752,4729,2332,4706,3728,493,0,3486,882,5054,4955,4566,4398,1083,2576,2176,4966,5096,5085,1587,3927,2362,4863,1902,1404,3914,2752,3129,2895,4089,3047,3478,3007,1855,3004,832,2477,3288,3603,3712,1960,2647,3548,4148,3951,1938,4627,2653,2686,3341,3049,3864,1112,2738,4707,4510,2351,4365,3989,4083,3884,2165,3909,2505,810,2790,1716,4102,1296,2785,4913,3881,2052,4617,3312,4557,2606,3354,2213,4787,2307,2339,2797,3360,2302,2569,4493,2462,2444,2185,3457,3303,4494,2882,3152,1524,3632,2465,3238
1613,3966,3466,4168,2728,2935,3183,3352,0,3579,2438,2235,3650,3734,3182,1253,4012,2062,2938,3534,4284,3263,3615,1960,2002,3854,1010,1803,2181,4149,1186,1135,3098,4472,3851,2182,3196,2081,722,3126,1105,1676,1232,2726,3484,3003,2570,2650,1050,2507,3563,3732,3849,2968,1271,2550,2777,1963,3504,3196,3419,1391,2754,1836,1671,2647,4233,3553,3438,3918,1837,2587,2582,3889,3478,1864,1653,2788,3432,4050,2491,4094,1557,4634,2843,2123,1727,1590,2177,2622,4021,1295,973,3108,3956,3880,3509,2683,3810,1139
4809,2933,5022,2486,4998,4021,1078,686,3779,0,5347,5247,4859,4691,916,2868,2330,5258,5388,5378,800,4219,2654,5156,2194,1026,4206,3044,3421,3188,4382,3340,3632,3299,1477,3296,522,2757,3580,3895,4005,2252,2939,3841,4440,4243,1771,4920,2945,2978,3495,3203,4018,945,3030,5000,4802,2643,4657,4281,4375,4177,2458,4202,2797,1103,3083,2008,4394,643,3078,5205,4173,1893,4909,3604,4849,2898,3508,2506,5080,2600,2632,2951,3653,2594,2862,4785,2754,2737,2339,3749,3596,4786,3036,3306,1146,3924,2757,3530
1615,3494,1501,4234,1195,2160,4896,5064,2367,5291,0,382,1685,1877,4895,3041,4079,868,973,1568,5897,1971,3385,1035,3704,5159,1967,3045,2526,3803,1916,2923,2372,4001,5047,3181,4908,3869,2510,2446,2608,3463,3019,2193,2035,1973,4282,1385,2838,2874,3071,3261,3123,4680,3058,585,812,3691,1538,2035,2002,2127,4063,1913,3421,4359,3761,4805,1525,5397,3079,1214,2190,4966,1512,2685,2028,3889,2706,3808,1416,3622,3345,4176,2250,3053,3335,1378,3556,3919,3733,2709,2761,1708,3484,3408,4705,2992,3512,2926
1402,3388,1395,4128,812,2054,4758,4927,2154,5154,381,0,1579,1771,4757,2828,3973,832,867,1462,5791,1865,3279,950,3577,5053,1754,2918,2420,3697,1703,2710,2266,3895,4941,3000,4771,3656,2297,2340,2395,3250,2806,2087,1929,1867,4145,1002,2625,2768,2965,3155,3017,4543,2845,479,686,3504,1432,1929,1896,1914,3957,1592,3234,4222,3655,4699,1419,5291,2847,832,1807,4860,1406,2303,1964,3783,2600,3702,1033,3516,3132,4070,2144,2947,3148,1165,3450,3813,3627,2496,2548,1602,3378,3302,4599,2886,3406,2713
2843,2950,771,3690,1564,1616,4351,4520,3594,4747,1693,1593,0,328,4350,3127,3535,2224,1699,1455,5353,1427,2841,2390,3160,4614,3194,2501,1982,3259,3144,3509,1827,3456,4503,2637,4364,3941,3702,1901,3516,3090,3199,1649,779,1367,3738,1516,3204,2330,2527,2717,2579,4136,3289,1346,1148,3147,830,1490,653,2927,3518,2416,2877,3815,3217,4261,751,4852,2534,1761,2197,4422,659,2812,3120,3345,2161,3264,2073,3078,3445,3631,1706,2509,2791,2606,3012,3375,3189,3433,3777,1102,2940,2864,4161,2447,2968,3790
3029,2777,957,3517,1750,1405,4178,4347,3865,4574,1879,1779,322,0,4177,2954,3362,2410,1885,1641,5180,1216,2668,2576,2987,4441,3380,2328,1809,3086,3330,3336,1655,3283,4330,2464,4191,3768,3529,1729,3515,2917,3026,1437,476,1547,3565,1702,3031,2157,2354,2544,2406,3963,3116,1532,1334,2974,1016,1279,350,3113,3346,2602,2704,3642,3044,4088,775,4679,2361,1947,2383,4249,845,2735,3306,3172,1988,3091,2259,2905,3272,3459,1533,2336,2618,2792,2839,3202,3016,3260,3604,1288,2767,2691,3988,2275,2795,3617
4406,2891,4619,2470,4596,3618,971,1139,3376,928,4944,4844,4456,4288,0,2465,2314,4855,4985,4975,1633,3817,2500,4753,1792,1874,3803,2641,3018,3034,3979,2937,3501,3145,2153,2893,597,2243,3178,3492,3602,1849,2537,3438,4037,3840,1258,4517,2542,2575,3479,3188,4002,432,2627,4597,4399,2240,4254,3878,3972,3774,2092,3799,2394,949,2929,1854,3992,1513,2675,4803,3771,2191,4506,3201,4446,2556,3492,2352,4677,2446,2229,2936,3250,2192,2459,4382,2351,2327,2323,3346,3193,4384,3020,3290,1811,3521,2603,3128
2292,3120,3220,3322,2912,2089,2338,2507,1262,2733,3117,2913,3057,2889,2337,0,3167,2741,3586,3576,3438,2417,2770,2639,1157,3009,1689,958,1335,3303,1865,823,2253,3627,3005,1337,2351,1252,1063,2280,1645,830,559,1880,2638,2157,1724,2834,428,1661,2717,2887,3004,2122,351,3198,3000,1117,2855,2350,2573,2070,1908,2115,826,1802,3387,2707,2592,3072,992,3119,2087,3043,3107,1518,2332,1942,2587,3205,2993,3248,728,3788,1997,1277,881,2268,1332,1777,3176,1663,1079,2700,3110,3034,2664,1838,2965,1013
4918,1250,3765,399,3960,2862,2058,2226,4248,2351,4090,3990,3602,3434,2321,3337,0,4621,4131,4121,2385,2962,1713,4787,2664,1646,4675,3406,2887,2243,4851,3809,1949,1023,1535,3316,2070,3238,4050,2563,4474,2721,3409,2781,3183,3545,2821,3984,3414,2407,1812,1520,2250,2350,3499,3743,3545,3112,3400,3066,3118,4464,2625,4140,3266,1579,940,1630,3138,1884,3439,4158,3856,1470,3652,3780,5318,2734,1825,1512,4470,1298,3101,668,2459,2679,3331,5002,3183,2864,656,4218,4065,3570,1256,1622,1193,3352,1676,4000
1234,4047,2054,4788,1647,2714,4590,4758,1985,4985,866,834,2238,2430,4589,2659,4632,0,1538,2134,5690,2524,3938,166,3409,5260,1586,3163,2932,4357,1157,2542,2925,4554,5257,3246,4602,3487,2128,2999,2261,3082,2638,2746,2588,2526,3976,1837,2456,3428,3624,3814,3676,4374,2677,1138,1377,3369,2092,2588,2555,1823,4160,1676,3077,4053,4314,4959,2078,5324,3092,1482,2150,5295,2066,2548,1160,4194,3259,4362,1548,4175,2963,4729,2803,3529,3133,596,3584,4028,4287,2362,2379,2262,4038,3962,4915,3249,4066,2545
2125,3451,1160,4192,1135,2118,4853,5022,2876,5249,975,876,1642,1834,4852,3550,4036,1554,0,806,5855,1928,3342,1672,3662,5116,2477,3002,2484,3761,2426,3433,2329,3958,5004,3138,4866,4378,3019,2403,3024,3592,3529,2150,1992,1930,4239,1325,3347,2832,3028,3218,3080,4637,3568,542,614,3648,1496,1992,1959,2521,4020,2102,3379,4317,3718,4763,1482,5354,3036,1226,2218,4924,1172,2714,2459,3847,2663,3766,1539,3579,3854,4133,2207,3011,3292,1888,3514,3876,3691,3125,3270,1666,3442,3366,4663,2949,3470,3436
2710,3535,917,4276,1390,2202,4937,5106,3461,5333,1560,1461,1531,1723,4936,3713,4120,2139,800,0,5939,2012,3426,2257,3746,5200,3062,3086,2568,3845,3011,4018,2413,4042,5088,3222,4950,4527,3604,2487,3463,3676,3784,2234,1859,2122,4323,1580,3790,2916,3112,3302,3164,4721,3875,1127,1199,3732,1384,2076,1826,2961,4104,2472,3463,4401,3802,4847,1298,5438,3120,1705,2479,5008,917,3063,3044,3931,2747,3850,1932,3663,4031,4217,2291,3095,3376,2473,3598,3960,3775,3565,3855,1799,3526,3450,4747,3033,3554,4021
5512,2958,5473,2510,5668,4570,1781,1389,4482,801,5797,5698,5310,5141,1619,3571,2355,5961,5839,5828,0,4670,3357,5859,2898,883,4909,3747,4124,3891,5085,4043,3656,3329,1502,3999,1226,3460,4284,4270,4708,2955,3643,4489,4891,4946,2474,5623,3648,3681,3519,3228,4042,1649,3733,5451,5253,3346,5108,4774,4826,4880,3161,4905,3500,1806,3246,2267,4845,780,3781,5909,4877,1918,5360,4307,5552,3601,3533,3093,5783,2879,3335,2976,4167,3298,3565,5488,3457,3440,2363,4452,4299,5278,3061,3330,1170,4627,3384,4234
2277,2494,802,3235,997,1161,3896,4065,3028,4291,1127,1027,639,831,3895,2672,3079,1658,1168,1359,4897,0,2385,1824,2704,4159,2628,2045,1527,2803,2577,3053,1372,3001,4047,2181,3909,3485,3246,1446,3021,2635,2743,1193,989,872,3282,1021,2749,1874,2071,2261,2123,3680,2834,780,582,2691,437,1035,956,2432,3063,1921,2421,3360,2761,3806,479,4397,2079,1195,1702,3967,689,2317,2554,2890,1706,2809,1507,2622,2989,3176,1250,2053,2335,2040,2557,2919,2734,2977,3321,607,2484,2408,3706,1992,2513,3334
4124,668,2991,1878,3187,2089,2157,2326,3870,2553,3316,3217,2828,2660,2421,2959,1723,3848,3358,3347,3257,2189,0,4014,2413,2790,4297,2632,2114,611,4473,3431,1175,1584,2691,2470,2170,3113,3672,1789,3820,2343,3031,2007,2410,2771,2696,3210,3036,1367,1038,1005,1534,2450,3121,2969,2772,2523,2627,2293,2345,3656,1209,3346,2770,1509,1368,1783,2364,2853,2666,3384,3082,2610,2879,2972,4743,1253,1051,1006,3697,817,2965,1759,1686,1788,2834,4229,2258,1382,1377,3564,3687,2797,870,1153,2349,2579,250,3622
1194,4180,2187,4921,1768,2847,4537,4706,1933,4933,1038,955,2371,2563,4536,2607,4765,172,1659,2254,5638,2657,4071,0,3356,5208,1546,3157,2960,4489,1011,2489,3058,4687,5205,3274,4550,3435,2076,3132,2160,3029,2585,2879,2721,2659,3924,1958,2404,3560,3757,3947,3809,4322,2625,1271,1498,3317,2225,2721,2688,1783,4108,1716,3025,4001,4447,4907,2211,5272,3121,1597,2193,5243,2199,2517,1013,4142,3392,4495,1650,4308,2911,4862,2936,3477,3080,540,3531,3976,4420,2323,2327,2395,4170,4094,4863,3278,4199,2493
3183,2803,3388,2758,3372,2387,1773,1942,2152,2169,3713,3613,3225,3057,1772,1242,2602,3632,3754,3744,2874,2585,2428,3529,0,2444,2580,1418,1795,2961,2755,1713,2270,3310,2441,1670,1786,1108,1954,2261,2378,626,1313,2207,2806,2617,1160,3293,1319,1344,2400,2570,2928,1558,1389,3366,3168,1017,3023,2647,2741,2550,1538,2575,1171,1237,3070,2143,2761,2508,1451,3579,2547,2479,3275,1978,3223,1625,2443,2640,3453,2734,939,3224,2019,960,1235,3159,1128,1460,2611,2123,1969,3160,2793,2717,2099,2298,2623,1904
5057,2243,4757,1795,4953,3855,1837,1395,4027,1019,5082,4983,4594,4426,1857,3117,1640,5507,5124,5113,901,3955,2706,5404,2443,0,4455,3292,3670,3235,4630,3588,2941,2614,787,3545,1463,3017,3829,3555,4253,2501,3188,3773,4176,4492,2601,4976,3193,3226,2804,2513,3327,1886,3279,4735,4538,2892,4393,4059,4111,4425,2714,4450,3045,1359,2531,1551,4130,552,3326,5150,4422,1202,4645,3852,5097,3154,2817,2378,5328,2164,2880,2261,3452,2843,3110,5034,3003,2993,1648,3998,3844,4563,2346,2615,455,4172,2668,3779
1192,4475,3045,4677,2307,3197,3693,3861,1098,4088,2017,1813,3229,3421,3692,1762,4522,1641,2517,3113,4793,3515,4125,1594,2511,4363,0,2313,2690,4658,687,1644,3607,4981,4360,2692,3705,2590,1231,3635,1315,2185,1741,3235,3579,2670,3079,2228,1559,3016,4072,4241,4358,3477,1780,2129,2356,2472,3083,3228,3546,1529,3263,1720,2180,3156,4742,4062,3069,4427,2346,2165,2197,4398,3057,2380,1284,3297,3941,4559,2069,4603,2066,5143,3352,2632,2236,1168,2686,3131,4530,1536,1482,2686,4465,4389,4018,3193,4319,1648
2260,2808,2653,3483,2345,1523,2498,2667,1894,2894,2978,2878,2490,2322,2497,983,3327,3180,3019,3009,3599,1851,2699,3201,1317,3169,2321,0,768,3117,2497,1138,1686,3315,3166,742,2511,1825,1390,1714,1519,990,1055,1313,2071,1590,1885,2267,1021,1495,2385,2575,2437,2283,1145,2631,2433,723,2288,1783,2006,1591,2069,1549,431,1962,3075,2868,2026,3233,276,2552,1521,3204,2540,929,2964,2103,2020,3123,2427,2936,1301,3490,1431,1438,345,2900,1189,1937,3047,1263,1407,2133,2798,2722,2824,1271,2827,1646
2571,2039,1884,2780,2080,754,3063,3232,2597,3459,2209,2110,1721,1553,3062,1686,2624,2741,2250,2240,4163,1082,1930,2906,1872,3704,3024,1059,0,2349,3200,2067,917,2546,3592,1195,3076,2528,2260,945,2247,1693,1757,545,1302,1242,2449,2103,1763,1042,1616,1806,1668,2847,1848,1862,1665,1705,1520,1015,1238,2134,2230,1793,1436,2527,2306,3351,1257,3798,1093,2277,1509,3512,1772,1466,3636,2057,1251,2354,2553,2167,2004,2721,662,1221,1349,3122,1724,2086,2279,1991,2335,1622,2030,1954,3251,1006,2058,2348
4560,1198,3407,2408,3602,2504,2692,2861,4405,3088,3732,3632,3244,3076,2955,3494,2253,4263,3773,3763,3792,2604,606,4429,2948,3324,4832,3048,2529,0,5008,3966,1591,2115,3221,2958,2705,3647,4206,2205,4235,2878,3565,2423,2825,3187,3231,3626,3571,1902,1454,1421,1949,2985,3656,3385,3187,3058,3042,2708,2760,4106,1744,3782,3304,2044,1898,2318,2780,3388,3081,3800,3498,3140,3294,3422,5159,1788,1467,1536,4112,1347,3500,2290,2101,2321,3338,4644,2793,1917,1907,3980,4222,3212,1400,1568,2879,2994,791,4156
1131,4544,2930,4746,2246,3136,3762,3931,1158,4158,1902,1699,3114,3306,3761,1831,4591,1159,2402,2998,4862,3401,4194,1016,2581,4433,701,2382,2759,4727,0,1714,3677,5051,4429,2761,3775,2659,1300,3704,1385,2254,1810,3304,3464,2609,3148,2167,1628,3085,4141,4311,4428,3546,1849,2014,2241,2541,2968,3167,3432,1644,3332,1659,2250,3226,4811,4131,2954,4497,2416,2104,2136,4467,2942,2457,729,3366,4011,4629,2008,4672,2135,5212,3421,2702,2305,773,2756,3201,4600,1606,1552,2625,4534,4458,4088,3221,4389,1717
2065,3542,3599,3745,3030,2468,2760,2929,1035,3156,2890,2686,3436,3268,2759,830,3589,2514,3390,3955,3860,2796,3192,2411,1579,3431,1462,1132,1714,3725,1638,0,2632,4049,3427,1716,2773,1657,356,2659,1438,1252,640,2259,3017,2536,2146,2951,592,2083,3140,3309,3383,2544,829,3002,3229,1463,3234,2729,2952,1657,2330,2015,1171,2224,3809,3129,2971,3495,1368,3038,2466,3465,3486,1649,2105,2364,2966,3627,2942,3670,1133,4210,2376,1700,1227,2041,1754,2199,3598,1229,372,3079,3533,3456,3086,2217,3387,770
3137,1352,1984,2093,2179,1082,3401,3570,3162,3721,2309,2209,1821,1653,3402,2251,1937,2840,2350,2340,3756,1182,1243,3006,2211,3017,3589,1625,1106,1662,3759,2633,0,1859,2905,1761,3414,2992,2826,782,2812,2141,2323,1000,1402,1764,2789,2203,2328,1381,929,1119,1253,3187,2413,1962,1764,2271,1619,1286,1337,2700,2453,2359,2001,2753,1619,2664,1357,3255,1658,2377,2075,2825,1871,2032,3736,2396,564,1667,2689,1480,2569,2034,679,1560,1915,3222,2063,2426,1592,2557,2901,1789,1343,1267,2564,1572,1371,2914
4831,1121,3678,1398,3873,2776,2876,3044,4700,3271,4003,3903,3515,3347,3139,3790,998,4534,4044,4034,3340,2876,1584,4700,3243,2602,5128,3319,2800,2114,5303,4261,1862,0,2490,3229,2888,4024,4502,2476,4506,3174,3861,2694,3096,3458,3642,3897,3866,2320,1647,1173,1641,3169,3952,3656,3458,3353,3313,2980,3031,4377,2497,4053,3600,2228,300,1984,3051,2840,3352,4071,3769,2410,3565,3693,5430,2606,1738,1373,4383,1189,3813,595,2373,2592,3609,4916,3096,2735,1099,4251,4517,3483,858,903,2149,3266,1547,4452
5077,2136,4651,1688,4846,3748,1856,1861,4047,1488,4975,4876,4487,4319,2120,3136,1533,5507,5017,5006,1522,3848,2599,5423,2462,784,4474,3312,3689,3129,4650,3607,2834,2507,0,3564,1869,3037,3848,3448,4273,2520,3207,3666,4069,4431,2620,4869,3213,3246,2697,2406,3220,2149,3298,4629,4431,2911,4286,3952,4004,4445,2733,4469,3065,1378,2424,1445,4023,1022,3346,5043,4441,809,4538,3872,5117,3174,2711,2271,5347,2057,2899,2154,3345,2862,3130,5053,3022,3012,1541,4017,3864,4456,2239,2508,348,4192,2561,3798
2336,2720,2772,3461,2355,1642,2871,3039,2279,3266,3097,2943,2609,2441,2870,1368,3305,3189,3138,3128,3971,1970,2372,3211,1679,3542,2706,742,887,2906,2882,1750,1805,3227,3538,0,2883,2210,1943,1833,1929,1328,1440,1432,2190,1710,2257,2277,1445,1261,2317,2487,2556,2655,1530,2750,2552,990,2408,1902,2126,1695,1900,1558,887,2335,2987,3240,2145,3605,588,2562,1557,3576,2659,1011,3349,1726,2139,3035,2436,2848,1686,3402,1550,878,800,3143,762,1756,2960,1674,2018,2253,2710,2634,3197,1374,2567,2031
4401,2637,4613,2216,4590,3612,669,828,3371,508,4938,4839,4450,4282,581,2460,2060,4850,4980,4969,1212,3811,2246,4747,1786,1454,3798,2636,3013,2779,3974,2931,3362,2891,1899,2888,0,2361,3172,3487,3596,1844,2531,3432,4032,3835,1436,4512,2537,2570,3225,2933,3748,611,2622,4591,4394,2235,4249,3873,3967,3768,2049,3793,2389,694,2675,1600,3986,1092,2669,4797,3765,1936,4501,3196,4441,2490,3238,2097,4671,2191,2223,2681,3244,2186,2453,4377,2346,2329,2069,3341,3187,4378,2766,3036,1557,3516,2349,3122
3065,3639,4010,3371,3702,2879,2387,2556,2035,2755,3890,3686,3847,3678,2235,1130,3216,3514,4376,4365,3459,3207,3164,3411,1215,3058,2462,1748,2125,3697,2638,1595,3043,4047,3054,2127,2400,0,1836,3070,2418,1501,1314,2670,3428,2947,1216,3624,1201,2180,3236,3405,3764,2020,1202,3988,3790,1907,3645,3140,3363,2842,2427,2905,1615,1851,3831,2756,3382,3121,1781,3909,2877,3092,3897,2308,3105,2461,3279,3254,3783,3348,726,3837,2787,1796,1671,3041,1983,2295,3225,2437,1851,3490,3629,3553,2713,2628,3359,1786
1772,3782,3625,3984,2875,2708,2999,3168,742,3395,2597,2393,3675,3507,2998,1069,3828,2221,3097,3693,4100,3036,3431,2118,1818,3670,1169,1371,1953,3965,1345,343,2871,4288,3667,1955,3012,1897,0,2899,1090,1492,879,2498,3256,2707,2386,2796,832,2323,3379,3548,3622,2784,1069,2709,2936,1702,3474,2968,3192,1502,2570,1860,1411,2463,4049,3369,3211,3734,1602,2745,2424,3705,3725,1494,1812,2604,3205,3866,2649,3910,1373,4450,2616,1939,1466,1748,1993,2438,3837,1074,301,3250,3772,3696,3325,2407,3626,892
3121,1950,1969,2691,2164,1065,3392,3561,3147,3788,2294,2194,1806,1638,3391,2236,2535,2825,2335,2325,4353,1166,1841,2991,2201,3615,3574,1610,1091,2260,3744,2618,828,2457,3503,1745,3405,2982,2811,0,2797,2131,2307,984,1387,1748,2778,2187,2313,1371,1527,1717,1579,3176,2398,1947,1749,2255,1604,1270,1322,2685,2559,2344,1986,2856,2217,3262,1341,3853,1643,2362,2060,3423,1856,2016,3721,2386,1162,2265,2674,2078,2554,2632,388,1550,1900,3206,2053,2415,2190,2542,2886,1774,1941,1864,3162,1556,1969,2898
1124,3969,3094,4502,2208,2684,3518,3686,1125,3913,2601,2397,3516,3483,3517,1619,4347,2269,3023,3427,4618,3012,3860,2221,2337,4188,1252,1520,1930,4279,1427,1431,2847,4476,4185,1931,3530,2447,1087,2875,0,2010,1598,2475,3232,2495,2904,2130,1416,2656,3546,3736,3598,3302,1637,2694,2427,2029,3205,2945,3168,816,3088,1174,1738,2981,4236,3887,3187,4252,1570,2191,1791,4223,3105,1367,1895,3122,3181,4284,2095,4097,1923,4651,2592,2457,1764,1831,2484,2956,4209,443,1389,2597,3960,3884,3843,2374,3988,1505
2910,2615,3200,2817,3099,2198,1833,2001,1879,2228,3524,3425,3036,2868,1832,969,2662,3359,3566,3555,2933,2397,2265,3256,652,2504,2307,1145,1522,2798,2482,1440,2082,3121,2500,1336,1845,1407,1681,2073,2105,0,1040,2019,2618,2344,1219,3020,1046,1156,2212,2381,2740,1617,1131,3178,2980,683,2835,2459,2553,2277,1403,2302,832,1297,2882,2202,2572,2567,1178,3306,2274,2538,3087,1705,2950,1437,2255,2700,3180,2743,1195,3283,1830,772,897,2886,794,1271,2670,1850,1696,2887,2605,2529,2159,2025,2459,1631
2301,3205,3304,3407,2997,2174,2422,2591,1271,2818,3126,2922,3141,2973,2421,610,3251,2750,3626,3660,3523,2502,2854,2647,1241,3093,1698,1042,1419,3388,1874,650,2337,3711,3090,1421,2435,1395,891,2365,1654,914,0,1964,2722,2242,1809,2918,373,1745,2802,2971,3088,2207,458,3238,3084,1202,2940,2434,2658,1925,1992,2200,910,1886,3471,2792,2677,3157,1076,3204,2172,3128,3191,1602,2341,2027,2671,3289,3078,3333,871,3872,2082,1362,965,2277,1416,1861,3260,1497,907,2785,3195,3118,2748,1922,3049,1022
2871,2142,1812,2882,2007,410,3340,3509,2918,3736,2136,2037,1649,1439,3339,2007,2727,2668,2178,2167,4441,1009,2033,2834,2149,3806,3345,1381,862,2451,3521,2389,1019,2648,3695,1517,3353,2849,2582,1004,2569,2015,2079,0,1188,1092,2727,1959,2084,1319,1719,1909,1771,3125,2169,1790,1592,2027,1447,671,1124,2434,2507,2093,1757,2804,2409,3453,1184,4044,1415,2204,1591,3614,1699,1788,3564,2334,1353,2456,2407,2270,2325,2823,721,1498,1671,3049,2001,2364,2381,2313,2657,1348,2132,2056,3353,1305,2160,2670
3172,2540,1406,3281,1807,1168,3942,4111,3629,4338,2022,1922,771,469,3941,2718,3125,2553,2063,1820,4943,979,2431,2719,2751,4205,3523,2091,1573,2850,3472,3099,1418,3047,4093,2227,3955,3531,3292,1492,3279,2681,2789,1201,0,1526,3328,1757,2795,1920,2117,2307,2169,3726,2880,1675,1477,2737,1214,1043,132,3166,3109,2657,2468,3406,2807,3852,755,4443,2125,2090,2385,4013,1294,2498,3449,2936,1752,2855,2402,2668,3036,3222,1296,2100,2381,2935,2603,2965,2780,3023,3367,1343,2531,2454,3752,2038,2559,3380
2029,2792,1466,3532,1196,651,3682,3851,3078,4078,1914,1815,1365,1557,3681,2167,3376,2446,1956,2117,4783,1354,2682,2612,2501,4353,2746,1541,997,3101,2729,2549,1669,3298,4344,1667,3695,3009,2742,1653,2617,2175,2239,994,1533,0,3069,1118,2244,1975,2368,2558,2420,3467,2329,1568,1370,2187,1054,682,1468,1940,3080,1517,1917,3146,3058,4052,1205,4417,1575,1691,1020,4264,1415,1598,3278,2907,2003,3106,1565,2920,2485,3473,1370,2051,1831,2726,2334,2936,3031,2473,2817,667,2782,2706,4003,1379,2810,2830
3799,3374,4011,2980,3988,3010,1832,2000,2768,1789,4336,4237,3848,3680,1269,1858,2825,4248,4378,4367,2493,3209,2773,4145,1184,2667,3196,2034,2411,3306,3371,2329,2894,3656,2663,2286,1457,1224,2570,2885,2994,1242,1929,2830,3430,3233,0,3909,1935,1968,3024,3193,3552,1054,2020,3989,3792,1633,3647,3271,3365,3166,2075,3191,1787,1460,3440,2365,3384,2374,2067,4195,3163,2701,3899,2594,3839,2249,3067,2863,4069,2957,1570,3446,2642,1584,1851,3775,1744,2083,2833,2739,2585,3776,3417,3341,2322,2914,2968,2520
1572,3377,1250,4117,246,1613,4397,4566,2688,4793,1389,1007,1521,1713,4396,2882,3961,1839,1328,1583,5498,1853,3267,1958,3216,5041,2289,2256,1853,3686,2272,2947,2254,3883,4929,2338,4410,3724,2786,2328,2160,2890,2954,1956,1760,1086,3784,0,2959,2757,2953,3143,3005,4182,3044,1137,720,2842,1210,1644,1727,1561,3825,1050,2572,3861,3643,4688,1361,5132,2185,785,1057,4849,1261,1641,2822,3652,2588,3691,797,3505,3200,4058,2132,2796,2486,2173,3006,3681,3616,2166,3001,918,3367,3291,4588,2234,3395,3247
2122,3144,3243,3346,2936,2113,2361,2530,1092,2757,2947,2743,3080,2912,2360,431,3190,2571,3447,3599,3462,2441,2793,2468,1180,3032,1519,981,1359,3327,1695,583,2276,3650,3029,1360,2374,1259,824,2304,1475,853,370,1904,2661,2181,1748,2857,0,1685,2741,2910,3027,2146,444,3059,3024,1141,2879,2374,2597,1853,1932,2139,849,1825,3410,2731,2616,3096,1015,3095,2111,3067,3131,1541,2162,1966,2610,3228,2999,3272,735,3811,2021,1301,904,2098,1355,1800,3199,1425,823,2724,3134,3058,2687,1861,2988,843
2887,1843,2576,2583,2772,1575,2477,2646,2743,2873,2901,2802,2413,2245,2476,1832,2428,3433,2942,2932,3577,1774,1347,3598,1286,3148,3170,1426,1227,1881,3346,2303,1459,2350,3145,1271,2490,2067,2544,1450,2614,1216,1903,1395,1994,2019,1863,2795,1909,0,1440,1610,1968,2262,1994,2554,2357,1396,2212,1836,1930,2419,1613,2109,1642,1941,2110,2718,1949,3212,1460,2969,1964,3182,2464,1735,3813,1219,1483,2097,2987,1908,1855,2525,1207,635,1707,3693,1138,1492,2082,2358,2559,2382,1833,1757,2803,1714,1542,2494
3875,1144,2723,1885,2918,1820,3193,3361,3769,3513,3048,2948,2560,2392,3456,2858,1729,3579,3089,3079,3547,1920,1035,3745,2312,2809,4196,2364,1845,1453,4372,3330,907,1631,2697,2297,3205,3093,3565,1521,3551,2242,2929,1739,2141,2503,2890,2941,2935,1388,0,680,669,3288,3020,2701,2503,2422,2358,2024,2076,3439,2245,3098,2668,2545,1379,2456,2095,3047,2397,3116,2814,2617,2610,2762,4475,2288,445,1459,3428,1272,2882,1826,1417,1661,2654,3960,2164,2417,1384,3296,3586,2528,1102,907,2356,2310,1163,3520
4051,831,2898,1612,3094,1996,2948,3117,3921,3241,3223,3124,2735,2567,3211,3010,1457,3755,3264,3254,3275,2096,1007,3920,2464,2537,4348,2539,2020,1425,4524,3481,1082,1164,2425,2449,2961,3245,3722,1696,3727,2394,3081,1914,2316,2678,3041,3117,3087,1540,685,0,831,3241,3172,2876,2679,2574,2534,2200,2252,3597,2214,3273,2820,2388,900,2183,2271,2775,2573,3291,2989,2344,2786,2913,4650,2257,958,1186,3604,1000,3033,1362,1593,1813,2829,4136,2316,2386,1111,3471,3737,2704,623,264,2083,2486,989,3672
3879,1665,2726,2415,2922,1824,3693,3862,3904,4044,3051,2952,2563,2395,3957,2994,2260,3583,3093,3082,4078,1924,1536,3749,2842,3339,4332,2367,1849,1954,4502,3375,1224,1685,3228,2503,3706,3623,3568,1524,3555,2773,3065,1742,2145,2506,3420,2945,3071,1919,675,834,0,3818,3156,2704,2507,2952,2362,2028,2080,3442,2745,3101,2743,3046,1630,2986,2099,3577,2401,3119,2817,3147,2614,2774,4478,2789,971,1989,3432,1803,3311,2196,1421,2191,2657,3964,2695,2918,1914,3299,3643,2532,1458,1067,2886,2314,1663,3656
4189,2922,4401,2501,4378,3400,1002,1171,3158,959,4726,4627,4238,4070,299,2248,2346,4638,4768,4757,1664,3599,2531,4535,1574,1905,3586,2424,2801,3065,3761,2719,3284,3177,2184,2676,628,2026,2960,3275,3384,1632,2319,3220,3820,3623,1040,4299,2325,2358,3414,3219,3942,0,2410,4379,4182,2023,4037,3661,3755,3556,1874,3581,2177,980,2960,1885,3774,1544,2457,4585,3553,2222,4289,2984,4229,2338,3457,2383,4459,2477,2011,2967,3032,1974,2241,4165,2134,2110,2354,3129,2975,4166,3052,3321,1843,3304,2634,2910
2324,3237,3337,3439,3029,2206,2455,2624,1294,2851,3149,2945,3174,3006,2454,353,3284,2773,3649,3693,3555,2534,2887,2670,1274,3126,1721,1075,1452,3420,1897,827,2370,3744,3122,1454,2468,1291,1068,2397,1677,947,452,1997,2755,2274,1841,2951,449,1778,2834,3004,3121,2239,0,3261,3117,1234,2972,2467,2690,2101,2025,2233,943,1919,3504,2824,2710,3190,1109,3236,2204,3160,3224,1635,2364,2059,2704,3322,3111,3365,767,3905,2114,1395,998,2300,1449,1894,3293,1674,1084,2817,3227,3151,2781,1955,3082,1045
2023,2909,916,3649,765,1575,4311,4479,2841,4706,939,840,1100,1292,4310,3087,3494,1471,751,1249,5312,1386,2800,1637,3119,4574,2441,2460,1941,3218,2390,3397,1787,3416,4462,2596,4323,3900,2983,1861,2700,3049,3158,1608,1450,1388,3697,955,3163,2289,2486,2676,2538,4095,3249,0,244,3106,953,1450,1417,2198,3478,1732,2836,3774,3176,4220,940,4812,2494,857,1849,4381,927,2344,2367,3304,2121,3223,1169,3037,3404,3591,1665,2468,2750,1852,2971,3334,3148,2801,3235,1123,2899,2823,4120,2407,2927,3400
1779,2953,959,3693,521,1619,4354,4523,2665,4750,763,664,1143,1335,4353,3130,3537,1295,607,1203,5356,1429,2843,1461,3163,4617,2265,2503,1985,3262,2214,3221,1830,3459,4505,2639,4367,3944,2807,1904,2456,3093,3201,1651,1493,1431,3740,711,3135,2333,2529,2719,2581,4139,3292,417,0,3149,997,1493,1460,1953,3521,1488,2880,3818,3219,4264,983,4855,2537,612,1604,4425,971,2100,2191,3348,2164,3267,925,3081,3448,3634,1708,2512,2793,1676,3015,3377,3192,2557,3059,1167,2943,2867,4164,2450,2971,3224
2865,2880,3300,3209,2915,2170,2225,2393,2029,2620,3625,3504,3137,2969,2224,1119,3054,3509,3666,3656,3325,2498,2509,3406,1044,2896,2457,726,1415,3042,2632,1476,2333,3386,2892,967,2237,1903,1727,2338,2042,671,1190,1960,2718,2237,1611,2837,1195,1421,2477,2646,3005,2009,1281,3278,3080,0,2935,2430,2653,2209,1647,2119,379,1689,3146,2594,2673,2959,812,3122,2128,2930,3187,1548,3099,1681,2520,3092,2997,3008,1436,3561,2078,1037,443,3036,675,1515,3062,1787,1744,2780,2870,2794,2551,1918,2704,1781
2636,2792,741,3532,1273,1386,4194,4362,3387,4589,1486,1387,829,1021,4193,2969,3377,2018,1527,1392,5195,1269,2683,2183,3002,4457,2988,2343,1824,3101,2937,3351,1670,3299,4345,2479,4206,3783,3544,1744,3223,2932,3041,1491,1225,1073,3580,1222,3046,2172,2369,2559,2421,3978,3131,1139,941,2989,0,1318,1192,2634,3361,2123,2719,3657,3059,4103,777,4695,2377,1554,1903,4264,755,2519,2913,3187,2004,3106,1866,2920,3287,3474,1548,2351,2633,2399,2854,3217,3031,3239,3619,809,2782,2706,4003,2290,2810,3632
2564,2458,1649,3198,1731,317,3799,3968,3323,4195,1973,1874,1486,1276,3798,2413,3042,2505,2015,2004,4861,846,2348,2671,2608,4122,3281,1786,1267,2767,3264,2794,1335,2964,4010,1922,3812,3254,2987,1319,2974,2420,2484,660,1025,786,3186,1653,2489,1778,2034,2224,2086,3584,2575,1627,1429,2432,1284,0,961,2475,2966,2052,2162,3263,2724,3769,1021,4360,1820,2041,1555,3930,1536,2141,3401,2793,1669,2772,2100,2586,2730,3139,1036,1957,2076,2886,2460,2822,2697,2718,3062,1041,2448,2372,3669,1729,2476,3075
3130,2472,1281,3212,1766,1100,3873,4042,3560,4269,1981,1881,646,344,3872,2649,3056,2512,2022,1779,4875,910,2362,2678,2682,4136,3482,2022,1504,2781,3431,3030,1349,2978,4024,2158,3886,3463,3223,1423,3210,2612,2720,1132,132,1485,3259,1716,2726,1852,2048,2238,2100,3658,2811,1634,1436,2668,1173,974,0,3098,3040,2616,2399,3337,2738,3783,714,4374,2056,2049,2342,3944,1168,2429,3408,2867,1683,2786,2361,2600,2967,3153,1227,2031,2312,2893,2534,2896,2711,2955,3299,1302,2462,2386,3683,1969,2490,3311
691,3691,2594,4431,1636,2405,3764,3933,1367,4160,2123,1920,2944,3136,3763,2041,4276,1825,2523,2927,4865,2733,3572,1778,2583,4435,1479,1594,1651,4000,1671,1923,2568,4197,4432,1778,3777,2869,1510,2596,839,2257,2019,2196,2954,1923,3151,1558,1838,2364,3268,3458,3320,3549,2058,2194,1928,2216,2633,2481,2889,0,3335,602,1924,3228,3958,4134,2784,4499,1624,1691,1219,4470,2606,880,2186,3236,2902,4005,1595,3819,2345,4372,2313,2380,1838,1710,2445,3203,3930,940,1761,2025,3681,3605,4090,1969,3709,1926
3948,1846,3743,2824,3938,2742,2034,2203,2918,2430,4068,3968,3580,3412,2087,2007,2669,4397,4109,4099,3134,2940,1244,4294,1461,2722,3345,2139,2331,1778,3521,2478,2420,2530,2719,1986,2047,2242,2719,2616,3143,1391,2078,2562,3161,3153,1998,3931,2084,1635,2283,2243,2778,1872,2169,3721,3523,1544,3378,3002,3096,3315,0,3212,1791,1515,2314,2236,3115,2786,2216,4216,3067,2757,3630,2743,3988,539,2296,1917,4090,1727,2030,2705,2374,1315,1856,3924,1464,392,2323,2888,2734,3548,2048,2346,2377,2818,1439,2669
869,3345,2126,4085,1122,2022,3678,3847,1820,4074,1913,1595,2430,2622,3677,2163,3930,1687,2120,2459,4779,2387,3236,1743,2497,4349,1695,1537,1305,3654,1678,2076,2223,3851,4346,1619,3691,3005,1915,2250,1292,2170,2235,1850,2608,1494,3065,1044,2240,2060,2922,3112,2974,3463,2325,1871,1512,2122,2119,2052,2543,605,3106,0,1853,3142,3612,4048,2270,4413,1466,1329,869,4384,2137,922,2227,2932,2556,3659,1203,3473,2481,4027,1967,2077,1767,1675,2286,2962,3584,1295,2130,1511,3335,3259,4004,1623,3363,2379
2486,3037,3003,3239,2696,1873,2255,2423,1650,2650,3328,3229,2840,2672,2254,740,3084,3130,3370,3359,3355,2201,2687,3027,1073,2925,2078,506,1119,3220,2253,1097,2036,3543,2922,960,2267,1581,1348,2064,1663,747,811,1664,2422,1941,1641,2617,816,1578,2634,2803,2787,2039,902,2981,2784,459,2639,2134,2357,1835,1825,1899,0,1718,3304,2624,2376,2989,617,2903,1871,2960,2891,1301,2720,1859,2370,3121,2777,3165,1057,3705,1781,1194,223,2657,996,1693,3092,1408,1365,2484,3027,2951,2580,1621,2881,1402
3968,1942,4180,1691,4157,3179,745,914,2938,1141,4505,4406,4017,3849,1009,2027,1536,4417,4547,4536,1845,3378,1551,4314,1353,1378,3365,2203,2580,2085,3541,2498,2727,2196,1374,2455,758,1928,2739,3054,3163,1411,2098,2999,3599,3402,1511,4079,2104,2137,2590,2407,3085,1038,2189,4158,3961,1802,3816,3440,3534,3335,1509,3360,1956,0,1980,905,3553,1441,2236,4364,3332,1412,4068,2763,4008,1949,2603,1403,4238,1497,1790,2157,2811,1753,2020,3944,1913,1788,1545,2908,2754,3945,2129,2509,1033,3083,1654,2689
4593,907,3441,1321,3636,2538,2661,2830,4463,3057,3765,3666,3277,3109,2924,3552,922,4297,3807,3796,3264,2638,1370,4463,3006,2525,4890,3081,2563,1900,5066,4024,1624,294,2413,2991,2674,3787,4264,2238,4269,2936,3623,2456,2859,3221,3427,3659,3629,2082,1413,922,1629,2954,3714,3419,3221,3116,3076,2742,2794,4140,2282,3815,3362,2013,0,1770,2813,2763,3115,3833,3531,2333,3328,3456,5193,2391,1501,1158,4146,974,3576,691,2135,2355,3371,4678,2858,2520,1022,4013,4280,3246,591,734,2072,3028,1332,4214
4808,1882,4397,1735,4592,3494,1585,1754,3778,1981,4722,4622,4234,4066,1849,2867,1579,5253,4763,4753,2297,3594,1826,5154,2193,1559,4205,3043,3420,2359,4381,3338,2581,1975,1447,3295,1598,2768,3579,3195,4004,2251,2938,3413,3815,4177,2351,4616,2944,2772,2444,2152,2967,1878,3029,4375,4177,2642,4032,3698,3750,4176,2259,4200,2796,938,1759,0,3770,1797,3077,4790,4172,1485,4284,3603,4848,2657,2457,1391,5078,1276,2630,1810,3091,2593,2861,4784,2753,2538,1200,3748,3595,4202,1908,2254,1105,3923,1929,3529
2991,2237,1516,2977,1712,903,3638,3807,3325,4034,1841,1742,1353,1087,3637,2414,2822,2373,1882,1872,4640,714,2128,2538,2447,3901,3343,1788,1269,2546,3292,2796,1115,2743,3790,1924,3651,3228,2989,1189,2975,2377,2486,936,837,1377,3025,1735,2491,1617,1814,2004,1866,3423,2576,1494,1296,2434,1152,777,772,2863,2806,2522,2164,3102,2504,3548,0,4139,1821,1909,2146,3709,1403,2195,3268,2632,1448,2551,2221,2365,2732,2919,993,1796,2078,2754,2299,2662,2476,2720,3064,1322,2227,2151,3448,1735,2255,3077
5134,2466,4981,2019,5176,4079,1663,1292,4104,642,5306,5206,4818,4650,1502,3193,1863,5583,5347,5337,781,4179,2921,5481,2520,559,4531,3369,3746,3454,4707,3665,3165,2837,1010,3621,1108,3094,3906,3779,4330,2577,3265,3997,4399,4568,2357,5200,3270,3303,3028,2736,3551,1531,3355,4959,4761,2968,4616,4283,4334,4502,2791,4527,3122,1435,2754,1775,4354,0,3403,5374,4499,1426,4868,3929,5174,3231,3041,2597,5405,2388,2957,2484,3676,2919,3187,5110,3079,3070,1872,4074,3921,4786,2569,2839,679,4249,2892,3856
2233,2819,2664,3531,2252,1533,2546,2715,1942,2942,2989,2840,2501,2333,2545,1031,3375,3086,3030,3020,3647,1861,2710,3108,1365,3217,2369,284,779,3128,2545,1384,1697,3326,3214,580,2559,1873,1590,1724,1577,1038,1103,1324,2082,1601,1933,2173,1108,1506,2396,2586,2448,2331,1193,2642,2444,812,2299,1794,2017,1592,2117,1455,543,2010,3086,2916,2037,3281,0,2459,1465,3252,2551,908,3012,2151,2031,3133,2333,2947,1349,3501,1441,1388,456,2948,1028,1985,3058,1321,1652,2144,2809,2733,2872,1282,2837,1694
1436,3613,1332,4354,560,2203,4680,4848,2517,5075,1212,830,1804,1996,4679,3165,4198,1490,1274,1665,5780,2090,3504,1593,3499,5278,2117,2538,2306,3922,2099,3073,2491,4120,5166,2621,4692,4006,2659,2565,2188,3172,3169,2312,2154,1676,4066,751,2987,2993,3190,3380,3242,4464,3208,1083,666,3124,1658,2154,2121,1685,4107,1311,2854,4143,3880,4925,1644,5414,2467,0,1427,5086,1344,1923,2607,3934,2825,3928,714,3741,3482,4295,2369,3078,2768,1809,3288,3963,3853,2289,2911,1455,3603,3527,4825,2624,3632,3076
1525,3196,2134,3936,1130,1527,3559,3728,2561,3955,2185,1803,2196,2388,3558,2044,3781,2149,2212,2467,4660,2230,3087,2241,2378,4230,2243,1418,1156,3505,2225,2426,2074,3703,4227,1544,3572,2886,2431,2101,2033,2051,2116,1591,2409,1000,2946,1052,2121,1911,2773,2963,2825,3344,2206,2022,1605,2064,1885,1558,2345,1216,2957,871,1794,3023,3463,3929,2036,4294,1451,1421,0,4265,2145,1020,2775,2784,2408,3510,1296,3324,2362,3878,1818,1928,1708,2223,2211,2813,3435,1821,2645,1252,3186,3110,3885,1474,3214,2707
5115,1971,4486,1523,4681,3583,1895,2063,4085,1900,4811,4711,4323,4155,2158,3174,1368,5342,4852,4842,1934,3683,2434,5462,2501,1195,4512,3350,3608,2964,4688,3646,2670,2342,800,3602,1907,3075,3887,3284,4311,2558,3246,3502,3904,4266,2659,4704,3251,3127,2533,2241,3056,2188,3336,4464,4266,2949,4121,3787,3839,4483,2772,4508,3103,1416,2259,1483,3858,1433,3384,4879,4480,0,4373,3910,5155,3212,2546,2309,5191,2096,2938,1989,3180,2901,3168,5091,3060,3051,1377,4055,3902,4291,2074,2343,760,4073,2397,3837
2493,2998,170,3738,1077,1664,4399,4568,3351,4795,1450,1351,648,840,4398,3175,3583,1982,1194,929,5401,1475,2889,2147,3208,4662,2952,2549,2030,3307,2901,3557,1875,3504,4551,2685,4412,3989,3494,1949,3151,3138,3247,1697,1292,1415,3786,1268,3252,2378,2575,2765,2627,4184,3337,1103,906,3195,767,1538,1165,2648,3566,2159,2925,3863,3265,4309,799,4900,2582,1392,2167,4470,0,2750,2877,3393,2209,3312,1620,3126,3493,3679,1754,2557,2839,2363,3060,3423,3237,3252,3825,1150,2988,2912,4209,2495,3016,3838
1534,3012,2702,3752,1699,1726,3097,3266,1884,3493,2669,2287,2694,2525,3096,1582,3597,2533,2697,3035,4198,2054,2877,2501,1916,3768,2318,927,972,3321,2435,1644,1890,3518,3765,1083,3110,2424,1484,1917,1347,1589,1654,1517,2275,1593,2484,1620,1659,1669,2589,2779,2641,2882,1744,2506,2089,1549,2492,1987,2210,864,2668,902,1257,2561,3279,3467,2229,3832,929,1906,1007,3803,2714,0,2961,2541,2223,3326,1780,3140,1900,3694,1634,1685,1171,2433,1750,2536,3251,1122,1698,2087,3002,2926,3423,1338,3030,2245
1658,4910,2917,5219,2766,3576,4234,4403,1630,4630,2045,1991,3101,3293,4233,2304,5063,1179,2450,3045,5334,3387,4666,1035,3053,4905,1296,2854,3231,5199,713,2186,3788,5417,4901,3233,4247,3131,1772,3862,1857,2726,2282,3609,3451,3136,3620,2694,2100,3557,4487,4677,4539,4018,2321,2001,2245,3013,2954,3451,3418,2116,3804,2186,2722,3698,5177,4603,2941,4969,2888,2632,2663,4939,2928,2929,0,3838,4122,5101,2535,5038,2607,5592,3666,3174,2777,851,3228,3673,5072,2078,2024,3124,4900,4824,4560,3734,4861,2189
3811,1840,3564,2895,3759,2562,2476,2645,2964,2872,3888,3789,3400,3232,2548,2054,2740,4420,3930,3919,3576,2761,1238,4341,1508,3164,3392,2185,2152,1772,3567,2525,2414,2601,3161,1807,2489,2289,2766,2437,3190,1438,2125,2383,2982,2974,2085,3752,2131,1220,2277,2237,2772,2333,2216,3542,3344,1591,3199,2823,2917,3344,543,3033,1838,1957,2385,2609,2936,3228,2263,4037,2888,3199,3451,2660,4035,0,2290,1988,3911,1798,2077,2776,2194,1136,1903,3971,1511,345,2394,2935,2781,3369,2042,2340,2819,2639,1433,2716
3516,1166,2363,1907,2559,1461,3215,3384,3542,3535,2688,2589,2200,2032,3478,2631,1751,3220,2730,2719,3570,1561,1057,3386,2371,2831,3969,2004,1486,1476,4139,3012,547,1673,2719,2140,3228,3152,3205,1161,3192,2301,2702,1379,1782,2144,2949,2582,2708,1447,444,933,941,3347,2793,2341,2144,2481,1999,1665,1717,3079,2267,2738,2381,2567,1433,2478,1736,3069,2038,2756,2454,2639,2251,2411,4116,2310,0,1481,3069,1294,2940,1848,1058,1720,2294,3601,2223,2440,1406,2936,3280,2169,1157,1081,2378,1951,1185,3293
4650,841,3497,1644,3692,2594,2051,2219,4243,2446,3822,3722,3334,3166,2314,3332,1488,4353,3863,3853,3101,2694,961,4519,2659,2363,4670,3138,2619,1491,4846,3804,1681,1359,2251,3048,2063,3233,4045,2295,4325,2717,3404,2513,2915,3277,2817,3716,3409,2097,1544,1252,2067,2344,3494,3475,3277,3107,3132,2798,2850,4196,1874,3872,3261,1403,1142,1397,2870,2613,3171,3890,3588,2289,3384,3512,5249,1982,1557,0,4202,214,3096,1534,2191,2411,3326,4734,2915,2112,1089,4070,4060,3302,982,1354,1909,3084,993,3995
1349,3878,1597,4619,825,2081,4558,4726,2430,4953,1417,1035,2069,2261,4557,3043,4463,1559,1539,1930,5658,2355,3769,1656,3377,5228,2030,2416,2184,4187,2013,2986,2756,4385,5225,2499,4570,3884,2573,2830,2090,3050,3082,2424,2419,1554,3944,793,2901,2940,3455,3645,3507,4342,3121,1311,931,3002,1907,2112,2386,1587,3985,1189,2732,4021,4145,4927,1909,5292,2345,722,1305,5263,1609,1801,2562,3812,3090,4193,0,4006,3360,4560,2634,2956,2646,1871,3166,3841,4118,2191,2824,1462,3868,3792,4883,2502,3897,2989
4471,649,3318,1429,3514,2416,2171,2340,4341,2567,3643,3544,3155,2987,2435,3430,1273,4175,3685,3674,2886,2516,769,4341,2779,2148,4768,2959,2441,1299,4944,3901,1502,1180,2036,2869,2184,3354,4142,2116,4147,2814,3501,2334,2737,3098,2937,3537,3507,1905,1365,1074,1888,2464,3592,3296,3099,2994,2954,2620,2672,4017,1682,3693,3240,1524,964,1280,2691,2386,2993,3711,3409,2074,3206,3333,5070,1791,1378,213,4024,0,3216,1355,2013,2233,3249,4556,2736,1920,874,3891,4157,3124,803,1176,1694,2906,801,4092
2572,3323,3517,3151,3209,2386,2166,2335,1542,2562,3397,3193,3354,3185,2165,637,2995,3021,3883,3872,3266,2714,2938,2918,899,2837,1969,1255,1632,3471,2145,1102,2550,3827,2834,1634,2179,590,1343,2577,1925,1127,821,2177,2935,2454,1450,3131,708,1864,2920,3089,3301,1951,709,3495,3297,1414,3152,2647,2870,2349,2111,2412,1122,1630,3589,2535,2889,2901,1288,3416,2384,2871,3404,1815,2612,2145,2883,3033,3290,3127,0,3616,2294,1480,1178,2548,1629,1979,3004,1944,1358,2997,3313,3237,2492,2135,3133,1293
4999,1289,3846,1050,4042,2944,2660,2829,4851,2953,4171,4071,3683,3515,2924,3940,651,4702,4212,4202,2988,3044,1752,4868,3266,2249,5278,3487,2968,2282,5454,4411,2030,600,2137,3397,2673,3841,4652,2644,4675,3324,4011,2862,3264,3626,3424,4065,4017,2488,1861,1370,2153,2953,4102,3824,3626,3521,3481,3148,3200,4545,2665,4221,3768,2182,693,1818,3219,2487,3521,4239,3937,2057,3733,3861,5598,2774,1906,1541,4551,1357,3703,0,2541,2761,3777,5084,3264,2903,746,4419,4668,3651,1026,1415,1796,3434,1715,4602
2915,1799,1817,2539,2012,821,3112,3281,2940,3508,2142,2042,1654,1486,3111,2029,2383,2673,2183,2173,4202,1015,1689,2839,1921,3463,3367,1403,884,2108,3543,2411,676,2305,3351,1539,3125,2702,2604,348,2590,1851,2101,739,1235,1503,2499,2036,2106,1091,1375,1565,1427,2897,2191,1795,1597,2031,1452,1081,1170,2478,2279,2137,1779,2576,2065,3110,1190,3701,1436,2210,1853,3271,1704,1810,3569,2106,1010,2113,2522,1927,2347,2480,0,1270,1693,3055,1773,2135,2038,2335,2679,1622,1789,1713,3010,1350,1817,2692
2675,1842,2427,2583,2622,1426,2204,2372,2469,2599,2752,2652,2264,2096,2203,1558,2427,3283,2793,2783,3304,1625,1533,3449,1012,2874,2896,1214,1015,2066,3072,2030,1309,2349,2871,1059,2216,1793,2271,1300,2402,942,1630,1246,1845,1838,1590,2615,1635,383,1439,1609,1967,1988,1720,2405,2207,1122,2062,1686,1780,2207,1371,1897,1369,1667,2109,2573,1800,2938,1248,2900,1752,2909,2314,1523,3539,1197,1482,2157,2775,1970,1582,2524,1058,0,1433,3475,864,1227,2082,2146,2286,2232,1832,1756,2529,1502,1728,2221
2496,3097,2942,3393,2558,1812,2408,2577,1804,2804,3267,3146,2779,2611,2407,893,3237,3283,3308,3298,3508,2140,2815,3180,1227,3079,2231,343,1057,3348,2407,1250,1975,3604,3075,797,2421,1735,1502,2003,1755,900,964,1602,2360,1880,1794,2479,970,1727,2674,2864,2726,2192,1055,2920,2722,445,2578,2072,2296,1826,1953,1761,153,1872,3364,2777,2315,3143,454,2765,1770,3113,2829,1165,2874,1987,2309,3275,2639,3225,1211,3779,1720,1343,0,2810,981,1822,3246,1499,1518,2423,3088,3011,2734,1560,3010,1555
1121,4397,2404,5134,1985,3126,4150,4319,1546,4545,1376,1172,2588,2780,4149,2219,4979,597,1876,2472,5250,2874,4288,546,2969,4821,1146,2770,2894,4707,766,2102,3275,4904,4817,3149,4163,3047,1688,3349,1773,2642,2198,3096,2938,2599,3536,2157,2016,3473,3974,4164,4026,3934,2237,1488,1715,2929,2442,2938,2905,1716,3720,1649,2638,3614,4664,4519,2428,4884,2804,1814,2126,4855,2416,2450,865,3754,3609,4712,1867,4525,2523,5079,3153,3089,2693,0,3144,3589,4637,1994,1940,2616,4388,4312,4476,3212,4416,2105
3013,2616,3201,3317,3032,2199,2333,2502,2380,2729,3525,3426,3037,2869,2332,1469,3162,3866,3567,3556,3433,2398,2255,3756,1152,3004,2807,1191,1564,2788,2983,1940,2083,3122,3000,765,2346,1971,2181,2074,2492,781,1540,2020,2619,2386,1719,2953,1546,1157,2213,2382,2741,2117,1631,3179,2981,691,2836,2460,2554,2372,1462,2235,938,1797,2883,2702,2573,3068,1036,3239,2234,3038,3088,1688,3450,1496,2256,2930,3113,2744,1759,3298,1831,773,1003,3386,0,1330,2855,2236,2196,2929,2606,2530,2659,2051,2450,2131
3835,1974,3591,3017,3787,2590,2319,2487,2805,2714,3916,3816,3428,3260,2329,1894,2862,4284,3957,3947,3419,2789,1373,4181,1348,3007,3232,2026,2180,1906,3408,2365,2474,2723,3003,1835,2331,2129,2606,2464,3031,1278,1965,2410,3009,3002,1926,3779,1971,1491,2411,2372,2907,2114,2056,3569,3371,1432,3226,2851,2945,3203,399,3061,1678,1799,2507,2521,2964,3071,2104,4065,2916,3041,3478,2630,3875,344,2424,2110,3939,1921,1918,2898,2222,1164,1743,3811,1351,0,2516,2775,2622,3396,2176,2474,2662,2666,1568,2556
4480,813,3328,791,3523,2425,2127,2296,4317,2420,3652,3553,3164,2996,2390,3407,636,4184,3694,3683,2454,2525,1276,4350,2733,1716,4745,2968,2450,1806,4920,3878,1511,1103,1604,2878,2140,3307,4119,2125,4156,2791,3478,2343,2746,3108,2891,3546,3483,1969,1374,1083,1897,2420,3569,3306,3108,3003,2963,2629,2681,4027,2188,3702,3249,1649,1021,1206,2700,1954,3002,3720,3418,1523,3215,3343,5080,2297,1388,1090,4033,876,3170,750,2022,2242,3258,4565,2745,2426,0,3900,4134,3133,916,1185,1262,2915,1238,4069
1151,3711,3021,4244,2018,2425,3259,3428,1190,3655,2628,2419,3325,3224,3258,1681,4088,2296,3016,3354,4359,2753,3602,2248,2078,3930,1383,1262,1671,4020,1558,1220,2589,4217,3926,1673,3272,2509,1060,2616,359,1751,1497,2216,2974,2305,2645,1939,1444,2397,3288,3478,3340,3043,1686,2695,2408,1771,3014,2686,2909,625,2829,983,1479,2723,3978,3628,2928,3994,1311,2192,1600,3964,3033,1111,2025,2863,2922,4025,2096,3839,1985,4393,2333,2199,1506,1962,2226,2698,3950,0,1274,2406,3701,3625,3585,2116,3729,1750
2020,3799,3856,4002,3166,2725,3017,3186,990,3413,2845,2641,3693,3525,3016,1087,3846,2469,3345,3941,4117,3053,3449,2367,1836,3688,1417,1389,1971,3983,1593,361,2889,4306,3685,1973,3030,1915,311,2916,1393,1509,897,2516,3274,2793,2403,3088,823,2340,3397,3566,3640,2802,1086,2957,3184,1720,3491,2986,3209,1794,2587,2152,1429,2481,4066,3386,3229,3752,1625,2993,2716,3722,3743,1785,2060,2622,3223,3884,2897,3927,1391,4467,2633,1957,1484,1996,2011,2456,3855,1366,0,3336,3790,3713,3343,2474,3644,789
2012,2959,1204,3699,1015,999,4217,4385,3128,4612,1653,1554,1104,1296,4216,2702,3544,2185,1694,1794,5317,1436,2850,2350,3035,4624,2729,2075,1532,3268,2712,3083,1837,3466,4512,2201,4229,3543,3237,1911,2600,2709,2773,1342,1342,686,3603,912,2778,2339,2536,2726,2588,4001,2864,1306,1109,2721,793,1029,1310,2011,3528,1500,2451,3680,3226,4270,944,4862,2109,1479,1248,4431,1154,2091,3080,3354,2171,3273,1458,3087,3019,3641,1715,2518,2365,2566,2869,3384,3198,2616,3351,0,2949,2873,4170,1913,2977,3364
4293,630,3140,1462,3336,2238,2797,2966,4163,3090,3465,3366,2977,2809,3061,3252,1234,3997,3507,3496,3125,2338,873,4163,2706,2386,4590,2781,2263,1403,4766,3723,1324,841,2274,2691,2810,3487,3964,1938,3969,2636,3323,2156,2559,2921,3284,3359,3329,1782,1119,628,1460,3090,3414,3118,2921,2816,2776,2442,2494,3840,2013,3515,3062,2154,554,1928,2513,2624,2815,3533,3231,2194,3028,3156,4893,2056,1200,955,3846,769,3276,1016,1835,2055,3071,4378,2558,2185,961,3713,3980,2946,0,730,1933,2728,788,3914
4195,934,3042,1716,3238,2140,3051,3220,4064,3344,3367,3267,2879,2711,3315,3154,1560,3898,3408,3398,3378,2240,1151,4064,2608,2640,4492,2683,2164,1569,4667,3625,1226,900,2528,2593,3064,3388,3866,1840,3871,2538,3225,2058,2460,2822,3185,3261,3230,1684,912,269,1064,3344,3316,3020,2822,2717,2677,2344,2396,3741,2317,3417,2964,2492,738,2287,2415,2878,2717,3435,3133,2448,2929,3057,4794,2360,1102,1290,3747,1103,3177,1412,1737,1957,2973,4280,2460,2490,1215,3615,3881,2847,727,0,2187,2630,1092,3816
4728,1787,4302,1339,4497,3399,1508,1530,3698,1157,4627,4527,4139,3971,1771,2787,1184,5158,4668,4658,1191,3499,2250,5075,2114,453,4125,2963,3340,2780,4301,3259,2486,2158,341,3215,1520,2688,3500,3100,3924,2171,2859,3318,3720,4082,2272,4521,2864,2897,2349,2057,2872,1801,2949,4280,4082,2562,3937,3603,3655,4096,2385,4121,2716,1029,2075,1096,3675,691,2997,4695,4093,757,4189,3523,4768,2825,2362,1922,4999,1709,2551,1805,2996,2514,2781,4704,2673,2664,1193,3668,3515,4107,1890,2159,0,3843,2213,3450
2413,2737,2582,3477,2313,1436,3323,3491,2718,3718,2907,2807,2419,2251,3322,1808,3322,3266,2948,2938,4423,1779,2628,3288,2142,3994,3146,1181,697,3046,3222,2189,1615,3244,3990,1307,3335,2649,2382,1642,2369,1815,1879,1242,2000,1371,2709,2235,1885,1675,2314,2504,2366,3107,1970,2560,2362,1827,2217,1697,1935,1976,2720,1635,1557,2787,3004,3692,1955,4057,1215,2639,1490,4028,2469,1352,3772,2547,1949,3051,2513,2865,2125,3419,1359,1691,1471,3220,1975,2576,2976,2113,2457,1915,2727,2651,3649,0,2755,2470
4272,590,3119,1800,3315,2217,2376,2545,4108,2772,3444,3344,2956,2788,2640,3197,1645,3975,3485,3475,3463,2317,238,4141,2651,2724,4535,2760,2241,849,4711,3669,1303,1506,2613,2670,2389,3351,3910,1917,3948,2581,3269,2135,2537,2899,2934,3338,3274,1605,1166,987,1661,2669,3359,3097,2899,2761,2754,2421,2473,3818,1447,3494,3008,1728,1290,2002,2492,2962,2794,3512,3210,2532,3006,3134,4871,1491,1179,1016,3824,827,3203,1681,1814,2026,3050,4357,2496,1620,1299,3692,3925,2924,792,1089,2271,2707,0,3860
2156,3777,3877,3980,3271,2747,2995,3164,1126,3391,2981,2778,3714,3546,2994,1065,3824,2606,3482,4077,4095,3075,3427,2503,1814,3666,1554,1615,1992,3960,1729,767,2910,4284,3662,1994,3008,1892,891,2938,1509,1487,1043,2537,3295,2814,2381,3193,861,2318,3375,3544,3661,2779,1082,3093,3321,1774,3512,3007,3230,1934,2565,2379,1483,2459,4044,3364,3250,3730,1649,3130,2745,3700,3764,2175,2196,2599,3244,3862,3034,3905,1368,4445,2655,1935,1538,2133,1989,2434,3833,1782,788,3357,3768,3691,3321,2495,3622,0
